event_id,start_date,end_date,
312753,1/1/20 8:00,1/4/20 8:00,
313347,3/29/20 8:00,4/1/20 8:00,
313348,4/5/20 8:00,4/8/20 8:00,
313349,4/5/20 8:00,4/8/20 8:00,
313351,4/5/20 8:00,4/8/20 8:00,
313352,4/5/20 8:00,4/8/20 8:00,
313354,4/5/20 8:00,4/8/20 8:00,
313355,5/10/20 8:00,5/13/20 8:00,
313356,5/10/20 8:00,5/13/20 8:00,
313357,5/10/20 8:00,5/13/20 8:00,
313358,5/10/20 8:00,5/13/20 8:00,
313359,5/10/20 8:00,5/13/20 8:00,
313360,6/14/20 8:00,6/17/20 8:00,
313361,6/14/20 8:00,6/17/20 8:00,
313362,6/14/20 8:00,6/17/20 8:00,
313363,6/14/20 8:00,6/17/20 8:00,
313364,6/14/20 8:00,6/17/20 8:00,
313365,3/19/20 8:00,3/22/20 8:00,
313366,3/19/20 8:00,3/22/20 8:00,
313343,3/19/20 8:00,3/22/20 8:00,
313344,3/19/20 8:00,3/22/20 8:00,
313445,3/19/20 8:00,3/22/20 8:00,
313431,3/19/20 8:00,3/22/20 8:00,
313430,3/19/20 8:00,3/22/20 8:00,
313433,3/19/20 8:00,3/22/20 8:00,
313459,3/19/20 8:00,3/22/20 8:00,
313491,3/19/20 8:00,3/22/20 8:00,
313472,3/19/20 8:00,3/22/20 8:00,
313471,3/19/20 8:00,3/22/20 8:00,
313435,3/19/20 8:00,3/22/20 8:00,
313468,3/19/20 8:00,3/22/20 8:00,
313470,3/19/20 8:00,3/22/20 8:00,
313473,3/19/20 8:00,3/22/20 8:00,
313475,3/19/20 8:00,3/22/20 8:00,
313438,3/19/20 8:00,3/22/20 8:00,
313441,3/19/20 8:00,3/22/20 8:00,
313464,3/19/20 8:00,3/22/20 8:00,
313469,3/19/20 8:00,3/22/20 8:00,
313443,3/19/20 8:00,3/22/20 8:00,
313437,3/19/20 8:00,3/22/20 8:00,
313444,3/19/20 8:00,3/22/20 8:00,
313460,3/19/20 8:00,3/22/20 8:00,
313442,3/19/20 8:00,3/22/20 8:00,
313461,3/19/20 8:00,3/22/20 8:00,
313474,3/19/20 8:00,3/22/20 8:00,
313440,3/19/20 8:00,3/22/20 8:00,
313436,3/19/20 8:00,3/22/20 8:00,
313439,3/19/20 8:00,3/22/20 8:00,
313462,3/19/20 8:00,3/22/20 8:00,
313489,3/19/20 8:00,3/22/20 8:00,
313490,3/19/20 8:00,3/22/20 8:00,
313492,3/19/20 8:00,3/22/20 8:00,
313478,3/19/20 8:00,3/22/20 8:00,
313610,3/19/20 8:00,3/22/20 8:00,
313448,3/19/20 8:00,3/22/20 8:00,
313614,3/19/20 8:00,3/22/20 8:00,
313449,3/19/20 8:00,3/22/20 8:00,
313617,3/19/20 8:00,3/22/20 8:00,
313447,3/19/20 8:00,3/22/20 8:00,
313612,3/19/20 8:00,3/22/20 8:00,
313615,3/19/20 8:00,3/22/20 8:00,
313618,3/19/20 8:00,3/22/20 8:00,
313616,3/19/20 8:00,3/22/20 8:00,
313613,3/19/20 8:00,3/22/20 8:00,
313619,3/19/20 8:00,3/22/20 8:00,
313446,3/19/20 8:00,3/22/20 8:00,
313624,3/19/20 8:00,3/22/20 8:00,
313457,3/19/20 8:00,3/22/20 8:00,
313646,3/19/20 8:00,3/22/20 8:00,
313650,3/19/20 8:00,3/22/20 8:00,
313652,3/19/20 8:00,3/22/20 8:00,
313455,3/19/20 8:00,3/22/20 8:00,
313458,3/19/20 8:00,3/22/20 8:00,
313456,3/19/20 8:00,3/22/20 8:00,
313656,3/19/20 8:00,3/22/20 8:00,
313450,3/19/20 8:00,3/22/20 8:00,
313451,3/19/20 8:00,3/22/20 8:00,
313453,3/19/20 8:00,3/22/20 8:00,
313658,3/19/20 8:00,3/22/20 8:00,
313452,3/19/20 8:00,3/22/20 8:00,
313454,3/19/20 8:00,3/22/20 8:00,
313660,3/19/20 8:00,3/22/20 8:00,
313463,3/19/20 8:00,3/22/20 8:00,
313623,3/19/20 8:00,3/22/20 8:00,
313622,3/19/20 8:00,3/22/20 8:00,
313621,3/19/20 8:00,3/22/20 8:00,
313620,3/19/20 8:00,3/22/20 8:00,
313632,3/19/20 8:00,3/22/20 8:00,
313631,3/19/20 8:00,3/22/20 8:00,
313627,3/19/20 8:00,3/22/20 8:00,
313633,3/19/20 8:00,3/22/20 8:00,
313630,3/19/20 8:00,3/22/20 8:00,
314111,3/19/20 8:00,3/22/20 8:00,
313654,3/19/20 8:00,3/22/20 8:00,
313651,3/19/20 8:00,3/22/20 8:00,
313642,3/19/20 8:00,3/22/20 8:00,
313647,3/19/20 8:00,3/22/20 8:00,
313645,3/19/20 8:00,3/22/20 8:00,
313643,3/19/20 8:00,3/22/20 8:00,
313644,3/19/20 8:00,3/22/20 8:00,
313466,3/19/20 8:00,3/22/20 8:00,
313465,3/19/20 8:00,3/22/20 8:00,
313467,3/19/20 8:00,3/22/20 8:00,
313626,3/19/20 8:00,3/22/20 8:00,
313628,3/19/20 8:00,3/22/20 8:00,
313629,3/19/20 8:00,3/22/20 8:00,
313634,3/19/20 8:00,3/22/20 8:00,
313636,3/19/20 8:00,3/22/20 8:00,
313637,3/19/20 8:00,3/22/20 8:00,
313638,3/19/20 8:00,3/22/20 8:00,
313639,3/19/20 8:00,3/22/20 8:00,
313640,3/19/20 8:00,3/22/20 8:00,
313641,3/19/20 8:00,3/22/20 8:00,
313648,3/19/20 8:00,3/22/20 8:00,
313649,3/19/20 8:00,3/22/20 8:00,
313653,3/19/20 8:00,3/22/20 8:00,
313655,3/19/20 8:00,3/22/20 8:00,
313659,3/19/20 8:00,3/22/20 8:00,
313661,3/19/20 8:00,3/22/20 8:00,
313662,3/19/20 8:00,3/22/20 8:00,
313663,3/19/20 8:00,3/22/20 8:00,
313664,3/19/20 8:00,3/22/20 8:00,
313665,3/19/20 8:00,3/22/20 8:00,
313666,3/19/20 8:00,3/22/20 8:00,
313672,3/19/20 8:00,3/22/20 8:00,
313673,3/19/20 8:00,3/22/20 8:00,
313674,3/19/20 8:00,3/22/20 8:00,
313675,3/19/20 8:00,3/22/20 8:00,
313476,3/19/20 8:00,3/22/20 8:00,
313676,3/19/20 8:00,3/22/20 8:00,
313682,3/19/20 8:00,3/22/20 8:00,
313684,3/19/20 8:00,3/22/20 8:00,
313769,3/19/20 8:00,3/22/20 8:00,
313778,3/19/20 8:00,3/22/20 8:00,
313779,3/19/20 8:00,3/22/20 8:00,
313849,3/19/20 8:00,3/22/20 8:00,
313780,3/19/20 8:00,3/22/20 8:00,
313781,3/19/20 8:00,3/22/20 8:00,
313782,3/19/20 8:00,3/22/20 8:00,
313788,3/19/20 8:00,3/22/20 8:00,
313789,3/19/20 8:00,3/22/20 8:00,
313844,3/19/20 8:00,3/22/20 8:00,
313846,3/19/20 8:00,3/22/20 8:00,
313847,3/19/20 8:00,3/22/20 8:00,
313481,3/19/20 8:00,3/22/20 8:00,
313480,3/19/20 8:00,3/22/20 8:00,
313851,3/19/20 8:00,3/22/20 8:00,
313479,3/19/20 8:00,3/22/20 8:00,
313852,3/19/20 8:00,3/22/20 8:00,
313853,3/19/20 8:00,3/22/20 8:00,
313483,3/19/20 8:00,3/22/20 8:00,
313854,3/19/20 8:00,3/22/20 8:00,
313857,3/19/20 8:00,3/22/20 8:00,
313482,3/19/20 8:00,3/22/20 8:00,
313858,3/19/20 8:00,3/22/20 8:00,
313861,3/19/20 8:00,3/22/20 8:00,
313864,3/19/20 8:00,3/22/20 8:00,
313865,3/19/20 8:00,3/22/20 8:00,
313867,3/19/20 8:00,3/22/20 8:00,
313869,3/19/20 8:00,3/22/20 8:00,
313871,3/19/20 8:00,3/22/20 8:00,
313873,3/19/20 8:00,3/22/20 8:00,
314245,3/19/20 8:00,3/22/20 8:00,
313875,3/19/20 8:00,3/22/20 8:00,
313876,3/19/20 8:00,3/22/20 8:00,
313880,3/19/20 8:00,3/22/20 8:00,
313881,3/19/20 8:00,3/22/20 8:00,
313882,3/19/20 8:00,3/22/20 8:00,
313883,3/19/20 8:00,3/22/20 8:00,
313891,3/19/20 8:00,3/22/20 8:00,
313892,3/19/20 8:00,3/22/20 8:00,
313893,3/19/20 8:00,3/22/20 8:00,
313894,3/19/20 8:00,3/22/20 8:00,
313896,3/19/20 8:00,3/22/20 8:00,
313899,3/19/20 8:00,3/22/20 8:00,
313901,3/19/20 8:00,3/22/20 8:00,
313902,3/19/20 8:00,3/22/20 8:00,
313903,3/19/20 8:00,3/22/20 8:00,
313904,3/19/20 8:00,3/22/20 8:00,
313905,3/19/20 8:00,3/22/20 8:00,
313484,3/19/20 8:00,3/22/20 8:00,
313990,3/19/20 8:00,3/22/20 8:00,
313991,3/19/20 8:00,3/22/20 8:00,
313992,3/19/20 8:00,3/22/20 8:00,
313993,3/19/20 8:00,3/22/20 8:00,
313994,3/19/20 8:00,3/22/20 8:00,
313995,3/19/20 8:00,3/22/20 8:00,
313996,3/19/20 8:00,3/22/20 8:00,
313997,3/19/20 8:00,3/22/20 8:00,
313998,3/19/20 8:00,3/22/20 8:00,
313999,3/19/20 8:00,3/22/20 8:00,
314000,3/19/20 8:00,3/22/20 8:00,
314001,3/19/20 8:00,3/22/20 8:00,
314003,3/19/20 8:00,3/22/20 8:00,
313485,3/19/20 8:00,3/22/20 8:00,
313908,3/19/20 8:00,3/22/20 8:00,
313909,3/19/20 8:00,3/22/20 8:00,
313910,3/19/20 8:00,3/22/20 8:00,
313911,3/19/20 8:00,3/22/20 8:00,
313912,3/19/20 8:00,3/22/20 8:00,
313913,3/19/20 8:00,3/22/20 8:00,
313914,3/19/20 8:00,3/22/20 8:00,
313915,3/19/20 8:00,3/22/20 8:00,
313916,3/19/20 8:00,3/22/20 8:00,
313917,3/19/20 8:00,3/22/20 8:00,
314246,3/19/20 8:00,3/22/20 8:00,
313907,3/19/20 8:00,3/22/20 8:00,
313934,3/19/20 8:00,3/22/20 8:00,
313988,3/19/20 8:00,3/22/20 8:00,
313935,3/19/20 8:00,3/22/20 8:00,
313936,3/19/20 8:00,3/22/20 8:00,
313937,3/19/20 8:00,3/22/20 8:00,
313938,3/19/20 8:00,3/22/20 8:00,
313939,3/19/20 8:00,3/22/20 8:00,
313940,3/19/20 8:00,3/22/20 8:00,
313927,3/19/20 8:00,3/22/20 8:00,
313928,3/19/20 8:00,3/22/20 8:00,
313929,3/19/20 8:00,3/22/20 8:00,
313930,3/19/20 8:00,3/22/20 8:00,
313931,3/19/20 8:00,3/22/20 8:00,
313924,3/19/20 8:00,3/22/20 8:00,
313925,3/19/20 8:00,3/22/20 8:00,
313926,3/19/20 8:00,3/22/20 8:00,
313919,3/19/20 8:00,3/22/20 8:00,
313920,4/19/20 8:00,4/22/20 8:00,
320069,4/19/20 8:00,4/22/20 8:00,
313921,4/19/20 8:00,4/22/20 8:00,
313922,4/19/20 8:00,4/22/20 8:00,
313923,4/19/20 8:00,4/22/20 8:00,
318901,4/19/20 8:00,4/22/20 8:00,
315587,3/19/20 8:00,3/22/20 8:00,
313918,3/19/20 8:00,3/22/20 8:00,
314398,3/19/20 8:00,3/22/20 8:00,
313668,3/19/20 8:00,3/22/20 8:00,
314511,3/19/20 8:00,3/22/20 8:00,
313667,3/19/20 8:00,3/22/20 8:00,
314512,3/19/20 8:00,3/22/20 8:00,
314248,3/19/20 8:00,3/22/20 8:00,
314252,3/19/20 8:00,3/22/20 8:00,
314253,3/19/20 8:00,3/22/20 8:00,
314255,3/19/20 8:00,3/22/20 8:00,
313677,3/19/20 8:00,3/22/20 8:00,
314247,3/19/20 8:00,3/22/20 8:00,
313679,3/19/20 8:00,3/22/20 8:00,
313678,3/19/20 8:00,3/22/20 8:00,
314338,3/19/20 8:00,3/22/20 8:00,
314339,3/19/20 8:00,3/22/20 8:00,
314298,3/19/20 8:00,3/22/20 8:00,
314299,3/19/20 8:00,3/22/20 8:00,
314301,3/19/20 8:00,3/22/20 8:00,
314340,3/19/20 8:00,3/22/20 8:00,
314341,3/19/20 8:00,3/22/20 8:00,
314313,3/19/20 8:00,3/22/20 8:00,
314310,3/19/20 8:00,3/22/20 8:00,
314312,3/19/20 8:00,3/22/20 8:00,
314309,3/19/20 8:00,3/22/20 8:00,
314304,3/19/20 8:00,3/22/20 8:00,
314306,5/20/20 8:00,5/23/20 8:00,
314307,3/19/20 8:00,3/22/20 8:00,
314316,3/19/20 8:00,3/22/20 8:00,
314318,3/19/20 8:00,3/22/20 8:00,
313786,3/19/20 8:00,3/22/20 8:00,
314320,3/19/20 8:00,3/22/20 8:00,
313785,3/19/20 8:00,3/22/20 8:00,
314342,3/19/20 8:00,3/22/20 8:00,
314343,3/19/20 8:00,3/22/20 8:00,
313787,3/19/20 8:00,3/22/20 8:00,
313784,3/19/20 8:00,3/22/20 8:00,
313783,3/19/20 8:00,3/22/20 8:00,
314419,3/19/20 8:00,3/22/20 8:00,
314420,3/19/20 8:00,3/22/20 8:00,
314422,3/19/20 8:00,3/22/20 8:00,
314423,3/19/20 8:00,3/22/20 8:00,
314424,3/19/20 8:00,3/22/20 8:00,
314425,3/19/20 8:00,3/22/20 8:00,
314426,3/19/20 8:00,3/22/20 8:00,
314427,3/19/20 8:00,3/22/20 8:00,
314428,3/19/20 8:00,3/22/20 8:00,
314429,3/19/20 8:00,3/22/20 8:00,
314430,3/19/20 8:00,3/22/20 8:00,
314431,3/19/20 8:00,3/22/20 8:00,
314399,3/19/20 8:00,3/22/20 8:00,
314400,3/19/20 8:00,3/22/20 8:00,
314300,3/19/20 8:00,3/22/20 8:00,
314302,3/19/20 8:00,3/22/20 8:00,
314303,3/19/20 8:00,3/22/20 8:00,
314305,3/19/20 8:00,3/22/20 8:00,
314308,3/19/20 8:00,3/22/20 8:00,
314311,3/19/20 8:00,3/22/20 8:00,
314314,3/19/20 8:00,3/22/20 8:00,
314315,3/19/20 8:00,3/22/20 8:00,
314317,3/19/20 8:00,3/22/20 8:00,
314319,3/19/20 8:00,3/22/20 8:00,
313877,3/19/20 8:00,3/22/20 8:00,
314321,3/19/20 8:00,3/22/20 8:00,
313879,3/19/20 8:00,3/22/20 8:00,
314322,3/19/20 8:00,3/22/20 8:00,
314323,3/19/20 8:00,3/22/20 8:00,
313878,3/19/20 8:00,3/22/20 8:00,
314324,3/19/20 8:00,3/22/20 8:00,
314325,3/19/20 8:00,3/22/20 8:00,
314326,3/19/20 8:00,3/22/20 8:00,
314327,3/19/20 8:00,3/22/20 8:00,
314329,3/19/20 8:00,3/22/20 8:00,
314440,3/19/20 8:00,3/22/20 8:00,
314442,3/19/20 8:00,3/22/20 8:00,
314444,3/19/20 8:00,3/22/20 8:00,
314445,3/19/20 8:00,3/22/20 8:00,
314447,3/19/20 8:00,3/22/20 8:00,
314448,3/19/20 8:00,3/22/20 8:00,
314449,3/19/20 8:00,3/22/20 8:00,
313884,3/19/20 8:00,3/22/20 8:00,
314451,3/19/20 8:00,3/22/20 8:00,
314452,3/19/20 8:00,3/22/20 8:00,
314453,3/19/20 8:00,3/22/20 8:00,
314454,3/19/20 8:00,3/22/20 8:00,
314455,3/19/20 8:00,3/22/20 8:00,
314458,3/19/20 8:00,3/22/20 8:00,
314459,3/19/20 8:00,3/22/20 8:00,
314460,3/19/20 8:00,3/22/20 8:00,
314461,3/19/20 8:00,3/22/20 8:00,
314462,3/19/20 8:00,3/22/20 8:00,
314463,3/19/20 8:00,3/22/20 8:00,
314464,3/19/20 8:00,3/22/20 8:00,
314507,3/19/20 8:00,3/22/20 8:00,
314508,3/19/20 8:00,3/22/20 8:00,
314509,3/19/20 8:00,3/22/20 8:00,
314513,3/19/20 8:00,3/22/20 8:00,
314515,3/19/20 8:00,3/22/20 8:00,
314518,3/19/20 8:00,3/22/20 8:00,
314520,3/19/20 8:00,3/22/20 8:00,
314523,3/19/20 8:00,3/22/20 8:00,
314625,3/19/20 8:00,3/22/20 8:00,
314629,3/19/20 8:00,3/22/20 8:00,
314627,3/19/20 8:00,3/22/20 8:00,
314630,3/19/20 8:00,3/22/20 8:00,
314628,3/19/20 8:00,3/22/20 8:00,
314634,3/19/20 8:00,3/22/20 8:00,
314633,3/19/20 8:00,3/22/20 8:00,
314635,3/19/20 8:00,3/22/20 8:00,
314636,3/19/20 8:00,3/22/20 8:00,
314632,3/19/20 8:00,3/22/20 8:00,
314644,3/19/20 8:00,3/22/20 8:00,
314643,3/19/20 8:00,3/22/20 8:00,
314640,3/19/20 8:00,3/22/20 8:00,
314654,3/19/20 8:00,3/22/20 8:00,
314655,3/19/20 8:00,3/22/20 8:00,
314657,3/19/20 8:00,3/22/20 8:00,
314658,3/19/20 8:00,3/22/20 8:00,
314659,3/19/20 8:00,3/22/20 8:00,
314777,3/19/20 8:00,3/22/20 8:00,
314778,3/19/20 8:00,3/22/20 8:00,
314791,3/19/20 8:00,3/22/20 8:00,
314815,3/19/20 8:00,3/22/20 8:00,
314873,3/19/20 8:00,3/22/20 8:00,
314930,3/19/20 8:00,3/22/20 8:00,
314967,3/19/20 8:00,3/22/20 8:00,
314988,3/19/20 8:00,3/22/20 8:00,
315044,3/19/20 8:00,3/22/20 8:00,
315097,3/19/20 8:00,3/22/20 8:00,
315122,4/19/20 8:00,4/22/20 8:00,
315191,4/19/20 8:00,4/22/20 8:00,
315233,4/19/20 8:00,4/22/20 8:00,
315256,4/19/20 8:00,4/22/20 8:00,
315292,4/19/20 8:00,4/22/20 8:00,
315150,3/19/20 8:00,3/22/20 8:00,
315245,3/19/20 8:00,3/22/20 8:00,
315296,3/19/20 8:00,3/22/20 8:00,
315216,3/19/20 8:00,3/22/20 8:00,
315294,3/19/20 8:00,3/22/20 8:00,
315295,3/19/20 8:00,3/22/20 8:00,
315231,3/19/20 8:00,3/22/20 8:00,
315297,3/19/20 8:00,3/22/20 8:00,
315565,3/19/20 8:00,3/22/20 8:00,
315566,3/19/20 8:00,3/22/20 8:00,
315567,3/19/20 8:00,3/22/20 8:00,
315568,3/19/20 8:00,3/22/20 8:00,
315569,4/19/20 8:00,4/22/20 8:00,
315570,3/19/20 8:00,3/22/20 8:00,
315298,3/19/20 8:00,3/22/20 8:00,
315299,3/19/20 8:00,3/22/20 8:00,
315300,3/19/20 8:00,3/22/20 8:00,
315316,3/19/20 8:00,3/22/20 8:00,
315415,3/19/20 8:00,3/22/20 8:00,
315445,3/19/20 8:00,3/22/20 8:00,
315450,3/19/20 8:00,3/22/20 8:00,
315474,3/19/20 8:00,3/22/20 8:00,
315487,3/19/20 8:00,3/22/20 8:00,
315518,3/19/20 8:00,3/22/20 8:00,
315536,4/19/20 8:00,4/22/20 8:00,
315551,4/19/20 8:00,4/22/20 8:00,
315560,3/19/20 8:00,3/22/20 8:00,
315571,3/19/20 8:00,3/22/20 8:00,
315572,3/19/20 8:00,3/22/20 8:00,
315574,3/19/20 8:00,3/22/20 8:00,
315576,3/19/20 8:00,3/22/20 8:00,
315580,3/19/20 8:00,3/22/20 8:00,
314112,3/19/20 8:00,3/22/20 8:00,
314113,3/19/20 8:00,3/22/20 8:00,
315588,3/19/20 8:00,3/22/20 8:00,
315589,3/19/20 8:00,3/22/20 8:00,
314114,3/19/20 8:00,3/22/20 8:00,
315590,3/19/20 8:00,3/22/20 8:00,
315591,3/19/20 8:00,3/22/20 8:00,
315592,3/19/20 8:00,3/22/20 8:00,
314115,3/19/20 8:00,3/22/20 8:00,
314116,3/19/20 8:00,3/22/20 8:00,
314117,3/19/20 8:00,3/22/20 8:00,
314118,3/19/20 8:00,3/22/20 8:00,
314514,3/19/20 8:00,3/22/20 8:00,
314516,3/19/20 8:00,3/22/20 8:00,
314517,3/19/20 8:00,3/22/20 8:00,
314519,3/19/20 8:00,3/22/20 8:00,
314522,3/19/20 8:00,3/22/20 8:00,
314524,3/19/20 8:00,3/22/20 8:00,
314525,3/19/20 8:00,3/22/20 8:00,
314526,3/19/20 8:00,3/22/20 8:00,
314527,3/19/20 8:00,3/22/20 8:00,
314528,3/19/20 8:00,3/22/20 8:00,
314529,3/19/20 8:00,3/22/20 8:00,
314530,3/19/20 8:00,3/22/20 8:00,
315593,3/19/20 8:00,3/22/20 8:00,
315594,3/19/20 8:00,3/22/20 8:00,
315595,3/19/20 8:00,3/22/20 8:00,
315596,3/19/20 8:00,3/22/20 8:00,
315597,3/19/20 8:00,3/22/20 8:00,
315598,3/19/20 8:00,3/22/20 8:00,
315600,3/19/20 8:00,3/22/20 8:00,
315603,3/19/20 8:00,3/22/20 8:00,
314119,3/19/20 8:00,3/22/20 8:00,
314120,3/19/20 8:00,3/22/20 8:00,
314121,3/19/20 8:00,3/22/20 8:00,
315604,3/19/20 8:00,3/22/20 8:00,
315608,3/19/20 8:00,3/22/20 8:00,
315614,3/19/20 8:00,3/22/20 8:00,
315620,3/19/20 8:00,3/22/20 8:00,
315626,3/19/20 8:00,3/22/20 8:00,
315629,3/19/20 8:00,3/22/20 8:00,
315631,3/19/20 8:00,3/22/20 8:00,
315636,3/19/20 8:00,3/22/20 8:00,
315639,3/19/20 8:00,3/22/20 8:00,
315642,3/19/20 8:00,3/22/20 8:00,
315645,3/19/20 8:00,3/22/20 8:00,
315647,4/23/20 8:00,4/26/20 8:00,
315649,3/19/20 8:00,3/22/20 8:00,
315650,3/19/20 8:00,3/22/20 8:00,
315652,3/19/20 8:00,3/22/20 8:00,
315653,3/19/20 8:00,3/22/20 8:00,
314645,3/19/20 8:00,3/22/20 8:00,
315622,3/19/20 8:00,3/22/20 8:00,
315610,3/19/20 8:00,3/22/20 8:00,
315624,3/19/20 8:00,3/22/20 8:00,
315625,3/19/20 8:00,3/22/20 8:00,
315616,3/19/20 8:00,3/22/20 8:00,
315613,3/19/20 8:00,3/22/20 8:00,
315611,3/19/20 8:00,3/22/20 8:00,
315605,3/19/20 8:00,3/22/20 8:00,
315609,3/19/20 8:00,3/22/20 8:00,
315619,3/19/20 8:00,3/22/20 8:00,
315617,3/19/20 8:00,3/22/20 8:00,
315606,3/19/20 8:00,3/22/20 8:00,
315728,3/19/20 8:00,3/22/20 8:00,
315729,3/19/20 8:00,3/22/20 8:00,
315727,3/19/20 8:00,3/22/20 8:00,
315726,3/19/20 8:00,3/22/20 8:00,
315811,3/19/20 8:00,3/22/20 8:00,
315725,3/19/20 8:00,3/22/20 8:00,
315724,3/19/20 8:00,3/22/20 8:00,
315818,3/19/20 8:00,3/22/20 8:00,
315815,3/19/20 8:00,3/22/20 8:00,
315817,3/19/20 8:00,3/22/20 8:00,
315814,3/19/20 8:00,3/22/20 8:00,
315847,3/19/20 8:00,3/22/20 8:00,
315859,3/19/20 8:00,3/22/20 8:00,
315866,3/19/20 8:00,3/22/20 8:00,
315849,3/19/20 8:00,3/22/20 8:00,
315863,3/19/20 8:00,3/22/20 8:00,
315850,3/19/20 8:00,3/22/20 8:00,
315844,3/19/20 8:00,3/22/20 8:00,
315841,3/19/20 8:00,3/22/20 8:00,
315868,3/19/20 8:00,3/22/20 8:00,
315852,3/19/20 8:00,3/22/20 8:00,
315865,3/19/20 8:00,3/22/20 8:00,
315860,3/19/20 8:00,3/22/20 8:00,
315853,3/19/20 8:00,3/22/20 8:00,
315856,3/19/20 8:00,3/22/20 8:00,
315822,3/19/20 8:00,3/22/20 8:00,
315823,3/19/20 8:00,3/22/20 8:00,
315824,3/19/20 8:00,3/22/20 8:00,
315827,3/19/20 8:00,3/22/20 8:00,
315828,3/19/20 8:00,3/22/20 8:00,
315830,3/19/20 8:00,3/22/20 8:00,
315832,3/19/20 8:00,3/22/20 8:00,
315834,3/19/20 8:00,3/22/20 8:00,
315836,3/19/20 8:00,3/22/20 8:00,
315839,3/19/20 8:00,3/22/20 8:00,
315843,3/19/20 8:00,3/22/20 8:00,
315846,3/19/20 8:00,3/22/20 8:00,
314122,3/19/20 8:00,3/22/20 8:00,
314123,3/19/20 8:00,3/22/20 8:00,
315640,3/19/20 8:00,3/22/20 8:00,
314124,3/19/20 8:00,3/22/20 8:00,
314125,3/19/20 8:00,3/22/20 8:00,
315641,3/19/20 8:00,3/22/20 8:00,
315643,3/19/20 8:00,3/22/20 8:00,
315644,3/19/20 8:00,3/22/20 8:00,
314126,3/19/20 8:00,3/22/20 8:00,
314127,3/19/20 8:00,3/22/20 8:00,
314128,3/19/20 8:00,3/22/20 8:00,
314129,3/19/20 8:00,3/22/20 8:00,
314130,3/19/20 8:00,3/22/20 8:00,
315646,3/19/20 8:00,3/22/20 8:00,
315648,3/19/20 8:00,3/22/20 8:00,
314131,3/19/20 8:00,3/22/20 8:00,
314132,3/19/20 8:00,3/22/20 8:00,
315612,3/19/20 8:00,3/22/20 8:00,
315615,3/19/20 8:00,3/22/20 8:00,
315618,3/19/20 8:00,3/22/20 8:00,
315621,3/19/20 8:00,3/22/20 8:00,
315623,3/19/20 8:00,3/22/20 8:00,
315627,3/19/20 8:00,3/22/20 8:00,
315628,3/19/20 8:00,3/22/20 8:00,
315630,3/19/20 8:00,3/22/20 8:00,
315632,3/19/20 8:00,3/22/20 8:00,
315633,3/19/20 8:00,3/22/20 8:00,
315634,3/19/20 8:00,3/22/20 8:00,
315635,3/19/20 8:00,3/22/20 8:00,
315637,3/19/20 8:00,3/22/20 8:00,
315638,3/19/20 8:00,3/22/20 8:00,
314136,3/19/20 8:00,3/22/20 8:00,
314137,3/19/20 8:00,3/22/20 8:00,
315810,3/19/20 8:00,3/22/20 8:00,
315812,3/19/20 8:00,3/22/20 8:00,
314139,3/19/20 8:00,3/22/20 8:00,
315813,3/19/20 8:00,3/22/20 8:00,
315816,3/19/20 8:00,3/22/20 8:00,
314140,3/19/20 8:00,3/22/20 8:00,
315819,3/19/20 8:00,3/22/20 8:00,
315820,3/19/20 8:00,3/22/20 8:00,
315821,3/19/20 8:00,3/22/20 8:00,
314141,3/19/20 8:00,3/22/20 8:00,
315825,3/19/20 8:00,3/22/20 8:00,
314142,3/19/20 8:00,3/22/20 8:00,
314143,3/19/20 8:00,3/22/20 8:00,
315826,3/19/20 8:00,3/22/20 8:00,
314144,3/19/20 8:00,3/22/20 8:00,
314145,3/19/20 8:00,3/22/20 8:00,
315829,3/19/20 8:00,3/22/20 8:00,
315831,3/19/20 8:00,3/22/20 8:00,
315833,3/19/20 8:00,3/22/20 8:00,
315835,3/19/20 8:00,3/22/20 8:00,
315837,3/19/20 8:00,3/22/20 8:00,
315838,3/19/20 8:00,3/22/20 8:00,
315840,3/19/20 8:00,3/22/20 8:00,
315842,3/19/20 8:00,3/22/20 8:00,
315845,3/19/20 8:00,3/22/20 8:00,
315848,3/19/20 8:00,3/22/20 8:00,
315851,3/19/20 8:00,3/22/20 8:00,
315854,3/19/20 8:00,3/22/20 8:00,
315857,3/19/20 8:00,3/22/20 8:00,
315861,3/19/20 8:00,3/22/20 8:00,
315862,3/19/20 8:00,3/22/20 8:00,
315864,3/19/20 8:00,3/22/20 8:00,
316775,3/19/20 8:00,3/22/20 8:00,
315870,3/19/20 8:00,3/22/20 8:00,
315872,3/19/20 8:00,3/22/20 8:00,
315873,3/19/20 8:00,3/22/20 8:00,
315877,3/19/20 8:00,3/22/20 8:00,
315878,3/19/20 8:00,3/22/20 8:00,
315879,3/19/20 8:00,3/22/20 8:00,
315880,3/19/20 8:00,3/22/20 8:00,
315881,3/19/20 8:00,3/22/20 8:00,
315882,3/19/20 8:00,3/22/20 8:00,
315883,3/19/20 8:00,3/22/20 8:00,
315884,3/19/20 8:00,3/22/20 8:00,
315885,3/19/20 8:00,3/22/20 8:00,
315886,3/19/20 8:00,3/22/20 8:00,
315887,3/19/20 8:00,3/22/20 8:00,
315888,3/19/20 8:00,3/22/20 8:00,
315889,3/19/20 8:00,3/22/20 8:00,
315890,3/19/20 8:00,3/22/20 8:00,
315891,3/19/20 8:00,3/22/20 8:00,
315867,3/19/20 8:00,3/22/20 8:00,
315869,3/19/20 8:00,3/22/20 8:00,
315871,3/19/20 8:00,3/22/20 8:00,
315874,3/19/20 8:00,3/22/20 8:00,
315875,3/19/20 8:00,3/22/20 8:00,
315876,3/19/20 8:00,3/22/20 8:00,
314146,3/19/20 8:00,3/22/20 8:00,
315855,3/19/20 8:00,3/22/20 8:00,
314147,3/19/20 8:00,3/22/20 8:00,
314148,3/19/20 8:00,3/22/20 8:00,
314149,3/19/20 8:00,3/22/20 8:00,
315858,3/19/20 8:00,3/22/20 8:00,
314151,3/19/20 8:00,3/22/20 8:00,
314748,3/19/20 8:00,3/22/20 8:00,
314750,3/19/20 8:00,3/22/20 8:00,
314753,3/19/20 8:00,3/22/20 8:00,
314755,3/19/20 8:00,3/22/20 8:00,
314758,3/19/20 8:00,3/22/20 8:00,
314761,3/19/20 8:00,3/22/20 8:00,
314152,3/19/20 8:00,3/22/20 8:00,
314153,3/19/20 8:00,3/22/20 8:00,
314150,3/19/20 8:00,3/22/20 8:00,
315905,3/19/20 8:00,3/22/20 8:00,
315917,3/19/20 8:00,3/22/20 8:00,
315919,3/19/20 8:00,3/22/20 8:00,
315921,3/19/20 8:00,3/22/20 8:00,
315922,3/19/20 8:00,3/22/20 8:00,
315924,3/19/20 8:00,3/22/20 8:00,
315925,3/19/20 8:00,3/22/20 8:00,
315926,3/19/20 8:00,3/22/20 8:00,
315927,3/19/20 8:00,3/22/20 8:00,
315928,3/19/20 8:00,3/22/20 8:00,
315929,3/19/20 8:00,3/22/20 8:00,
314154,3/19/20 8:00,3/22/20 8:00,
314155,3/19/20 8:00,3/22/20 8:00,
314156,3/19/20 8:00,3/22/20 8:00,
314157,3/19/20 8:00,3/22/20 8:00,
315931,3/19/20 8:00,3/22/20 8:00,
314158,3/19/20 8:00,3/22/20 8:00,
314159,3/19/20 8:00,3/22/20 8:00,
315933,3/19/20 8:00,3/22/20 8:00,
315934,3/19/20 8:00,3/22/20 8:00,
315935,3/19/20 8:00,3/22/20 8:00,
315937,3/19/20 8:00,3/22/20 8:00,
315938,3/19/20 8:00,3/22/20 8:00,
315943,3/19/20 8:00,3/22/20 8:00,
315946,3/19/20 8:00,3/22/20 8:00,
315951,3/19/20 8:00,3/22/20 8:00,
315952,3/19/20 8:00,3/22/20 8:00,
315953,3/19/20 8:00,3/22/20 8:00,
315954,3/19/20 8:00,3/22/20 8:00,
315955,3/19/20 8:00,3/22/20 8:00,
315956,3/19/20 8:00,3/22/20 8:00,
315957,3/19/20 8:00,3/22/20 8:00,
315958,3/19/20 8:00,3/22/20 8:00,
315941,3/19/20 8:00,3/22/20 8:00,
315945,3/19/20 8:00,3/22/20 8:00,
315950,3/19/20 8:00,3/22/20 8:00,
315948,3/19/20 8:00,3/22/20 8:00,
315944,3/19/20 8:00,3/22/20 8:00,
315939,3/19/20 8:00,3/22/20 8:00,
315940,3/19/20 8:00,3/22/20 8:00,
315949,3/19/20 8:00,3/22/20 8:00,
315947,3/19/20 8:00,3/22/20 8:00,
315942,3/19/20 8:00,3/22/20 8:00,
316240,3/19/20 8:00,3/22/20 8:00,
316243,3/19/20 8:00,3/22/20 8:00,
316244,3/19/20 8:00,3/22/20 8:00,
316245,3/19/20 8:00,3/22/20 8:00,
316246,3/19/20 8:00,3/22/20 8:00,
316247,3/19/20 8:00,3/22/20 8:00,
316248,3/19/20 8:00,3/22/20 8:00,
316249,3/19/20 8:00,3/22/20 8:00,
316250,3/19/20 8:00,3/22/20 8:00,
316251,3/19/20 8:00,3/22/20 8:00,
316252,3/19/20 8:00,3/22/20 8:00,
316235,3/19/20 8:00,3/22/20 8:00,
314345,3/19/20 8:00,3/22/20 8:00,
314344,3/19/20 8:00,3/22/20 8:00,
315959,3/19/20 8:00,3/22/20 8:00,
315960,3/19/20 8:00,3/22/20 8:00,
315961,3/19/20 8:00,3/22/20 8:00,
315962,3/19/20 8:00,3/22/20 8:00,
315963,3/19/20 8:00,3/22/20 8:00,
315964,3/19/20 8:00,3/22/20 8:00,
315965,3/19/20 8:00,3/22/20 8:00,
315966,3/19/20 8:00,3/22/20 8:00,
315968,3/19/20 8:00,3/22/20 8:00,
314384,3/19/20 8:00,3/22/20 8:00,
314385,3/19/20 8:00,3/22/20 8:00,
314397,3/19/20 8:00,3/22/20 8:00,
316098,3/19/20 8:00,3/22/20 8:00,
316099,3/19/20 8:00,3/22/20 8:00,
316101,3/19/20 8:00,3/22/20 8:00,
316102,3/19/20 8:00,3/22/20 8:00,
316103,3/19/20 8:00,3/22/20 8:00,
316106,3/19/20 8:00,3/22/20 8:00,
316107,3/19/20 8:00,3/22/20 8:00,
316108,3/19/20 8:00,3/22/20 8:00,
316109,3/19/20 8:00,3/22/20 8:00,
316111,3/19/20 8:00,3/22/20 8:00,
316113,3/19/20 8:00,3/22/20 8:00,
316114,3/19/20 8:00,3/22/20 8:00,
316116,3/19/20 8:00,3/22/20 8:00,
316118,3/19/20 8:00,3/22/20 8:00,
316119,3/19/20 8:00,3/22/20 8:00,
316120,3/19/20 8:00,3/22/20 8:00,
316121,3/19/20 8:00,3/22/20 8:00,
316122,3/19/20 8:00,3/22/20 8:00,
316123,3/19/20 8:00,3/22/20 8:00,
314391,3/19/20 8:00,3/22/20 8:00,
316127,3/19/20 8:00,3/22/20 8:00,
316128,3/19/20 8:00,3/22/20 8:00,
316129,3/19/20 8:00,3/22/20 8:00,
316130,3/19/20 8:00,3/22/20 8:00,
316131,3/19/20 8:00,3/22/20 8:00,
316132,3/19/20 8:00,3/22/20 8:00,
316133,3/19/20 8:00,3/22/20 8:00,
316134,3/19/20 8:00,3/22/20 8:00,
314387,3/19/20 8:00,3/22/20 8:00,
316236,3/19/20 8:00,3/22/20 8:00,
314392,3/19/20 8:00,3/22/20 8:00,
314386,3/19/20 8:00,3/22/20 8:00,
316238,3/19/20 8:00,3/22/20 8:00,
316239,3/19/20 8:00,3/22/20 8:00,
314390,3/19/20 8:00,3/22/20 8:00,
314388,3/19/20 8:00,3/22/20 8:00,
316241,3/19/20 8:00,3/22/20 8:00,
316242,3/19/20 8:00,3/22/20 8:00,
314389,3/19/20 8:00,3/22/20 8:00,
314393,3/19/20 8:00,3/22/20 8:00,
316253,3/19/20 8:00,3/22/20 8:00,
316254,3/19/20 8:00,3/22/20 8:00,
316255,3/19/20 8:00,3/22/20 8:00,
314394,3/19/20 8:00,3/22/20 8:00,
316257,3/19/20 8:00,3/22/20 8:00,
314395,3/19/20 8:00,3/22/20 8:00,
314396,3/19/20 8:00,3/22/20 8:00,
316260,3/19/20 8:00,3/22/20 8:00,
316261,3/19/20 8:00,3/22/20 8:00,
316262,3/19/20 8:00,3/22/20 8:00,
316263,3/19/20 8:00,3/22/20 8:00,
316264,3/19/20 8:00,3/22/20 8:00,
316265,3/19/20 8:00,3/22/20 8:00,
316266,3/19/20 8:00,3/22/20 8:00,
316267,3/19/20 8:00,3/22/20 8:00,
316268,3/19/20 8:00,3/22/20 8:00,
316269,3/19/20 8:00,3/22/20 8:00,
316270,3/19/20 8:00,3/22/20 8:00,
316271,3/19/20 8:00,3/22/20 8:00,
316272,3/19/20 8:00,3/22/20 8:00,
316367,3/19/20 8:00,3/22/20 8:00,
316368,3/19/20 8:00,3/22/20 8:00,
316369,3/19/20 8:00,3/22/20 8:00,
316370,3/19/20 8:00,3/22/20 8:00,
316371,3/19/20 8:00,3/22/20 8:00,
316372,3/19/20 8:00,3/22/20 8:00,
316373,3/19/20 8:00,3/22/20 8:00,
316374,3/19/20 8:00,3/22/20 8:00,
316406,3/19/20 8:00,3/22/20 8:00,
316407,3/19/20 8:00,3/22/20 8:00,
316447,3/19/20 8:00,3/22/20 8:00,
316448,3/19/20 8:00,3/22/20 8:00,
316449,3/19/20 8:00,3/22/20 8:00,
316450,3/19/20 8:00,3/22/20 8:00,
316451,3/19/20 8:00,3/22/20 8:00,
316452,3/19/20 8:00,3/22/20 8:00,
316453,3/19/20 8:00,3/22/20 8:00,
316454,3/19/20 8:00,3/22/20 8:00,
316455,3/19/20 8:00,3/22/20 8:00,
316456,3/19/20 8:00,3/22/20 8:00,
316458,3/19/20 8:00,3/22/20 8:00,
316459,3/19/20 8:00,3/22/20 8:00,
316460,3/19/20 8:00,3/22/20 8:00,
316461,3/19/20 8:00,3/22/20 8:00,
316462,3/19/20 8:00,3/22/20 8:00,
316463,3/19/20 8:00,3/22/20 8:00,
316516,3/19/20 8:00,3/22/20 8:00,
316517,3/19/20 8:00,3/22/20 8:00,
316529,3/19/20 8:00,3/22/20 8:00,
316530,3/19/20 8:00,3/22/20 8:00,
316531,3/19/20 8:00,3/22/20 8:00,
316532,3/19/20 8:00,3/22/20 8:00,
316533,3/19/20 8:00,3/22/20 8:00,
316551,3/19/20 8:00,3/22/20 8:00,
314401,3/19/20 8:00,3/22/20 8:00,
314402,3/19/20 8:00,3/22/20 8:00,
316547,3/19/20 8:00,3/22/20 8:00,
316560,3/19/20 8:00,3/22/20 8:00,
314405,3/19/20 8:00,3/22/20 8:00,
314404,3/19/20 8:00,3/22/20 8:00,
314765,3/19/20 8:00,3/22/20 8:00,
314403,3/19/20 8:00,3/22/20 8:00,
316561,3/19/20 8:00,3/22/20 8:00,
316135,4/1/20 8:00,4/4/20 8:00,
316136,4/1/20 8:00,4/4/20 8:00,
316137,4/1/20 8:00,4/4/20 8:00,
316138,4/5/20 8:00,4/8/20 8:00,
316562,4/5/20 8:00,4/8/20 8:00,
316139,4/5/20 8:00,4/8/20 8:00,
316141,4/5/20 8:00,4/8/20 8:00,
316429,4/5/20 8:00,4/8/20 8:00,
316430,4/5/20 8:00,4/8/20 8:00,
316563,4/5/20 8:00,4/8/20 8:00,
314406,4/5/20 8:00,4/8/20 8:00,
316565,4/5/20 8:00,4/8/20 8:00,
316566,4/5/20 8:00,4/8/20 8:00,
316567,4/5/20 8:00,4/8/20 8:00,
316568,4/5/20 8:00,4/8/20 8:00,
316569,4/5/20 8:00,4/8/20 8:00,
314407,4/5/20 8:00,4/8/20 8:00,
316570,4/19/20 8:00,4/22/20 8:00,
314408,4/19/20 8:00,4/22/20 8:00,
314409,4/19/20 8:00,4/22/20 8:00,
316412,4/19/20 8:00,4/22/20 8:00,
316413,4/19/20 8:00,4/22/20 8:00,
316414,4/19/20 8:00,4/22/20 8:00,
316415,4/19/20 8:00,4/22/20 8:00,
316420,4/19/20 8:00,4/22/20 8:00,
316419,4/19/20 8:00,4/22/20 8:00,
316417,4/19/20 8:00,4/22/20 8:00,
316418,4/19/20 8:00,4/22/20 8:00,
316416,4/19/20 8:00,4/22/20 8:00,
316421,4/19/20 8:00,4/22/20 8:00,
316571,4/19/20 8:00,4/22/20 8:00,
316572,4/19/20 8:00,4/22/20 8:00,
316573,4/19/20 8:00,4/22/20 8:00,
316574,4/19/20 8:00,4/22/20 8:00,
316575,4/19/20 8:00,4/22/20 8:00,
314410,4/19/20 8:00,4/22/20 8:00,
316580,4/19/20 8:00,4/22/20 8:00,
316581,4/19/20 8:00,4/22/20 8:00,
316582,4/19/20 8:00,4/22/20 8:00,
316583,4/19/20 8:00,4/22/20 8:00,
316584,4/19/20 8:00,4/22/20 8:00,
316585,4/19/20 8:00,4/22/20 8:00,
316586,4/19/20 8:00,4/22/20 8:00,
316587,4/19/20 8:00,4/22/20 8:00,
316588,4/19/20 8:00,4/22/20 8:00,
316590,4/19/20 8:00,4/22/20 8:00,
316591,4/19/20 8:00,4/22/20 8:00,
316630,4/19/20 8:00,4/22/20 8:00,
316631,4/19/20 8:00,4/22/20 8:00,
316632,4/19/20 8:00,4/22/20 8:00,
316633,4/19/20 8:00,4/22/20 8:00,
316634,4/19/20 8:00,4/22/20 8:00,
316635,4/19/20 8:00,4/22/20 8:00,
316636,4/19/20 8:00,4/22/20 8:00,
316637,4/19/20 8:00,4/22/20 8:00,
316638,4/19/20 8:00,4/22/20 8:00,
316640,4/19/20 8:00,4/22/20 8:00,
316641,4/19/20 8:00,4/22/20 8:00,
316643,4/19/20 8:00,4/22/20 8:00,
316645,4/19/20 8:00,4/22/20 8:00,
316646,4/19/20 8:00,4/22/20 8:00,
316648,4/19/20 8:00,4/22/20 8:00,
316654,4/19/20 8:00,4/22/20 8:00,
316664,4/19/20 8:00,4/22/20 8:00,
316674,4/19/20 8:00,4/22/20 8:00,
316677,4/19/20 8:00,4/22/20 8:00,
316682,4/19/20 8:00,4/22/20 8:00,
316684,4/19/20 8:00,4/22/20 8:00,
316736,4/19/20 8:00,4/22/20 8:00,
316737,4/19/20 8:00,4/22/20 8:00,
316740,4/19/20 8:00,4/22/20 8:00,
316741,4/19/20 8:00,4/22/20 8:00,
316742,4/19/20 8:00,4/22/20 8:00,
316743,4/19/20 8:00,4/22/20 8:00,
316744,4/19/20 8:00,4/22/20 8:00,
316745,4/19/20 8:00,4/22/20 8:00,
316746,4/19/20 8:00,4/22/20 8:00,
316747,4/19/20 8:00,4/22/20 8:00,
316768,4/19/20 8:00,4/22/20 8:00,
316769,4/19/20 8:00,4/22/20 8:00,
316770,4/19/20 8:00,4/22/20 8:00,
316771,4/19/20 8:00,4/22/20 8:00,
316772,4/19/20 8:00,4/22/20 8:00,
316773,4/19/20 8:00,4/22/20 8:00,
316774,4/19/20 8:00,4/22/20 8:00,
316776,4/19/20 8:00,4/22/20 8:00,
316777,4/19/20 8:00,4/22/20 8:00,
316778,4/19/20 8:00,4/22/20 8:00,
316779,4/19/20 8:00,4/22/20 8:00,
316780,4/19/20 8:00,4/22/20 8:00,
316787,4/19/20 8:00,4/22/20 8:00,
316788,4/19/20 8:00,4/22/20 8:00,
316789,4/19/20 8:00,4/22/20 8:00,
316791,4/19/20 8:00,4/22/20 8:00,
314411,4/19/20 8:00,4/22/20 8:00,
316793,4/19/20 8:00,4/22/20 8:00,
316792,4/19/20 8:00,4/22/20 8:00,
314412,4/19/20 8:00,4/22/20 8:00,
314413,4/19/20 8:00,4/22/20 8:00,
316665,4/19/20 8:00,4/22/20 8:00,
316671,4/19/20 8:00,4/22/20 8:00,
316655,4/19/20 8:00,4/22/20 8:00,
316660,4/19/20 8:00,4/22/20 8:00,
316658,4/19/20 8:00,4/22/20 8:00,
316650,4/19/20 8:00,4/22/20 8:00,
316661,4/19/20 8:00,4/22/20 8:00,
316653,4/19/20 8:00,4/22/20 8:00,
316669,4/19/20 8:00,4/22/20 8:00,
316659,4/19/20 8:00,4/22/20 8:00,
316675,4/19/20 8:00,4/22/20 8:00,
316651,4/19/20 8:00,4/22/20 8:00,
316667,4/19/20 8:00,4/22/20 8:00,
316672,4/19/20 8:00,4/22/20 8:00,
316663,4/19/20 8:00,4/22/20 8:00,
316656,4/19/20 8:00,4/22/20 8:00,
314414,4/19/20 8:00,4/22/20 8:00,
316782,4/19/20 8:00,4/22/20 8:00,
314415,4/19/20 8:00,4/22/20 8:00,
314416,4/19/20 8:00,4/22/20 8:00,
316657,4/19/20 8:00,4/22/20 8:00,
316662,4/19/20 8:00,4/22/20 8:00,
316666,4/19/20 8:00,4/22/20 8:00,
316670,4/19/20 8:00,4/22/20 8:00,
316673,4/19/20 8:00,4/22/20 8:00,
316676,4/19/20 8:00,4/22/20 8:00,
316678,4/19/20 8:00,4/22/20 8:00,
316679,4/19/20 8:00,4/22/20 8:00,
316680,4/19/20 8:00,4/22/20 8:00,
316681,4/19/20 8:00,4/22/20 8:00,
316683,4/19/20 8:00,4/22/20 8:00,
316685,4/19/20 8:00,4/22/20 8:00,
316686,4/19/20 8:00,4/22/20 8:00,
316687,4/19/20 8:00,4/22/20 8:00,
316688,4/19/20 8:00,4/22/20 8:00,
316689,4/19/20 8:00,4/22/20 8:00,
316690,4/19/20 8:00,4/22/20 8:00,
314418,4/19/20 8:00,4/22/20 8:00,
316693,4/19/20 8:00,4/22/20 8:00,
316694,4/19/20 8:00,4/22/20 8:00,
316695,4/19/20 8:00,4/22/20 8:00,
316696,4/19/20 8:00,4/22/20 8:00,
316697,4/19/20 8:00,4/22/20 8:00,
316698,4/19/20 8:00,4/22/20 8:00,
314417,4/19/20 8:00,4/22/20 8:00,
316699,4/19/20 8:00,4/22/20 8:00,
316700,4/19/20 8:00,4/22/20 8:00,
316701,4/19/20 8:00,4/22/20 8:00,
316702,4/19/20 8:00,4/22/20 8:00,
316703,4/19/20 8:00,4/22/20 8:00,
316704,4/19/20 8:00,4/22/20 8:00,
316705,4/19/20 8:00,4/22/20 8:00,
316706,4/19/20 8:00,4/22/20 8:00,
316707,4/19/20 8:00,4/22/20 8:00,
316708,4/19/20 8:00,4/22/20 8:00,
316709,4/19/20 8:00,4/22/20 8:00,
316710,4/19/20 8:00,4/22/20 8:00,
316711,4/19/20 8:00,4/22/20 8:00,
316712,4/19/20 8:00,4/22/20 8:00,
316713,4/19/20 8:00,4/22/20 8:00,
316714,4/19/20 8:00,4/22/20 8:00,
316715,4/19/20 8:00,4/22/20 8:00,
314768,4/19/20 8:00,4/22/20 8:00,
314769,4/19/20 8:00,4/22/20 8:00,
314770,4/19/20 8:00,4/22/20 8:00,
314771,4/19/20 8:00,4/22/20 8:00,
314772,4/19/20 8:00,4/22/20 8:00,
314773,4/19/20 8:00,4/22/20 8:00,
314774,4/19/20 8:00,4/22/20 8:00,
314775,4/19/20 8:00,4/22/20 8:00,
314776,4/19/20 8:00,4/22/20 8:00,
316796,4/19/20 8:00,4/22/20 8:00,
314779,4/23/20 8:00,4/26/20 8:00,
314780,4/23/20 8:00,4/26/20 8:00,
314781,4/23/20 8:00,4/26/20 8:00,
314782,4/23/20 8:00,4/26/20 8:00,
314783,4/23/20 8:00,4/26/20 8:00,
314784,4/23/20 8:00,4/26/20 8:00,
314785,4/23/20 8:00,4/26/20 8:00,
314786,4/23/20 8:00,4/26/20 8:00,
314787,4/23/20 8:00,4/26/20 8:00,
314788,4/23/20 8:00,4/26/20 8:00,
314789,4/23/20 8:00,4/26/20 8:00,
314790,4/23/20 8:00,4/26/20 8:00,
314792,4/23/20 8:00,4/26/20 8:00,
314793,4/23/20 8:00,4/26/20 8:00,
314794,4/23/20 8:00,4/26/20 8:00,
314795,4/23/20 8:00,4/26/20 8:00,
316798,4/23/20 8:00,4/26/20 8:00,
314796,4/23/20 8:00,4/26/20 8:00,
316799,4/23/20 8:00,4/26/20 8:00,
314797,4/23/20 8:00,4/26/20 8:00,
314798,4/23/20 8:00,4/26/20 8:00,
314799,4/23/20 8:00,4/26/20 8:00,
314800,4/23/20 8:00,4/26/20 8:00,
314801,4/23/20 8:00,4/26/20 8:00,
316800,4/23/20 8:00,4/26/20 8:00,
316801,4/23/20 8:00,4/26/20 8:00,
316802,4/23/20 8:00,4/26/20 8:00,
314802,4/23/20 8:00,4/26/20 8:00,
314803,4/23/20 8:00,4/26/20 8:00,
314804,4/23/20 8:00,4/26/20 8:00,
314805,4/23/20 8:00,4/26/20 8:00,
316804,4/23/20 8:00,4/26/20 8:00,
316805,4/23/20 8:00,4/26/20 8:00,
314806,4/23/20 8:00,4/26/20 8:00,
316806,4/23/20 8:00,4/26/20 8:00,
316807,4/23/20 8:00,4/26/20 8:00,
314807,4/23/20 8:00,4/26/20 8:00,
314808,4/23/20 8:00,4/26/20 8:00,
314809,4/23/20 8:00,4/26/20 8:00,
314810,4/23/20 8:00,4/26/20 8:00,
314811,4/23/20 8:00,4/26/20 8:00,
314812,4/23/20 8:00,4/26/20 8:00,
316808,4/23/20 8:00,4/26/20 8:00,
314813,4/23/20 8:00,4/26/20 8:00,
314814,4/23/20 8:00,4/26/20 8:00,
316809,4/23/20 8:00,4/26/20 8:00,
316812,4/23/20 8:00,4/26/20 8:00,
314816,4/23/20 8:00,4/26/20 8:00,
316819,4/23/20 8:00,4/26/20 8:00,
314817,4/23/20 8:00,4/26/20 8:00,
314818,4/23/20 8:00,4/26/20 8:00,
314819,4/23/20 8:00,4/26/20 8:00,
314820,4/23/20 8:00,4/26/20 8:00,
314821,4/23/20 8:00,4/26/20 8:00,
314822,4/23/20 8:00,4/26/20 8:00,
314823,4/23/20 8:00,4/26/20 8:00,
314824,4/23/20 8:00,4/26/20 8:00,
314825,4/23/20 8:00,4/26/20 8:00,
314826,4/23/20 8:00,4/26/20 8:00,
314827,4/23/20 8:00,4/26/20 8:00,
314828,4/23/20 8:00,4/26/20 8:00,
314829,4/23/20 8:00,4/26/20 8:00,
314830,4/23/20 8:00,4/26/20 8:00,
314831,4/23/20 8:00,4/26/20 8:00,
314832,4/23/20 8:00,4/26/20 8:00,
314833,4/23/20 8:00,4/26/20 8:00,
314834,4/23/20 8:00,4/26/20 8:00,
314835,4/23/20 8:00,4/26/20 8:00,
314836,4/23/20 8:00,4/26/20 8:00,
314837,4/23/20 8:00,4/26/20 8:00,
316816,4/23/20 8:00,4/26/20 8:00,
314838,4/23/20 8:00,4/26/20 8:00,
314839,4/23/20 8:00,4/26/20 8:00,
316810,4/23/20 8:00,4/26/20 8:00,
316818,4/23/20 8:00,4/26/20 8:00,
316820,4/23/20 8:00,4/26/20 8:00,
314840,4/23/20 8:00,4/26/20 8:00,
316817,4/23/20 8:00,4/26/20 8:00,
314841,4/23/20 8:00,4/26/20 8:00,
314842,4/23/20 8:00,4/26/20 8:00,
314843,4/23/20 8:00,4/26/20 8:00,
316811,4/23/20 8:00,4/26/20 8:00,
316813,4/23/20 8:00,4/26/20 8:00,
316814,4/23/20 8:00,4/26/20 8:00,
316815,4/23/20 8:00,4/26/20 8:00,
314844,4/23/20 8:00,4/26/20 8:00,
314845,4/23/20 8:00,4/26/20 8:00,
314846,4/23/20 8:00,4/26/20 8:00,
314847,4/23/20 8:00,4/26/20 8:00,
314848,4/23/20 8:00,4/26/20 8:00,
314849,4/23/20 8:00,4/26/20 8:00,
314850,4/23/20 8:00,4/26/20 8:00,
316839,4/23/20 8:00,4/26/20 8:00,
314851,4/23/20 8:00,4/26/20 8:00,
314852,4/23/20 8:00,4/26/20 8:00,
314853,4/23/20 8:00,4/26/20 8:00,
314854,4/23/20 8:00,4/26/20 8:00,
314855,4/23/20 8:00,4/26/20 8:00,
314856,4/23/20 8:00,4/26/20 8:00,
314857,4/23/20 8:00,4/26/20 8:00,
314858,4/23/20 8:00,4/26/20 8:00,
314859,4/23/20 8:00,4/26/20 8:00,
314860,4/23/20 8:00,4/26/20 8:00,
314861,4/23/20 8:00,4/26/20 8:00,
314862,4/23/20 8:00,4/26/20 8:00,
314863,4/23/20 8:00,4/26/20 8:00,
314864,4/23/20 8:00,4/26/20 8:00,
314865,4/23/20 8:00,4/26/20 8:00,
314866,4/23/20 8:00,4/26/20 8:00,
314867,4/23/20 8:00,4/26/20 8:00,
314868,4/23/20 8:00,4/26/20 8:00,
314869,4/23/20 8:00,4/26/20 8:00,
314870,4/23/20 8:00,4/26/20 8:00,
314871,4/23/20 8:00,4/26/20 8:00,
314872,4/23/20 8:00,4/26/20 8:00,
316841,4/23/20 8:00,4/26/20 8:00,
316842,4/23/20 8:00,4/26/20 8:00,
316843,4/23/20 8:00,4/26/20 8:00,
316844,4/23/20 8:00,4/26/20 8:00,
316845,4/23/20 8:00,4/26/20 8:00,
316846,4/23/20 8:00,4/26/20 8:00,
316993,4/23/20 8:00,4/26/20 8:00,
317001,4/23/20 8:00,4/26/20 8:00,
317010,4/23/20 8:00,4/26/20 8:00,
317015,4/23/20 8:00,4/26/20 8:00,
317035,4/23/20 8:00,4/26/20 8:00,
317054,4/23/20 8:00,4/26/20 8:00,
317055,4/23/20 8:00,4/26/20 8:00,
317056,4/23/20 8:00,4/26/20 8:00,
314874,4/23/20 8:00,4/26/20 8:00,
314875,4/23/20 8:00,4/26/20 8:00,
316822,4/23/20 8:00,4/26/20 8:00,
316823,4/23/20 8:00,4/26/20 8:00,
316824,4/23/20 8:00,4/26/20 8:00,
314876,4/23/20 8:00,4/26/20 8:00,
314877,4/23/20 8:00,4/26/20 8:00,
314878,4/23/20 8:00,4/26/20 8:00,
314879,4/23/20 8:00,4/26/20 8:00,
314880,4/23/20 8:00,4/26/20 8:00,
314881,4/23/20 8:00,4/26/20 8:00,
316825,4/23/20 8:00,4/26/20 8:00,
314882,4/23/20 8:00,4/26/20 8:00,
316826,4/23/20 8:00,4/26/20 8:00,
314883,4/23/20 8:00,4/26/20 8:00,
316827,4/23/20 8:00,4/26/20 8:00,
314884,4/23/20 8:00,4/26/20 8:00,
314885,4/23/20 8:00,4/26/20 8:00,
314886,4/23/20 8:00,4/26/20 8:00,
316828,4/23/20 8:00,4/26/20 8:00,
316829,4/23/20 8:00,4/26/20 8:00,
314887,4/23/20 8:00,4/26/20 8:00,
314888,4/23/20 8:00,4/26/20 8:00,
314889,4/23/20 8:00,4/26/20 8:00,
314890,4/23/20 8:00,4/26/20 8:00,
314891,4/23/20 8:00,4/26/20 8:00,
314892,4/23/20 8:00,4/26/20 8:00,
314893,4/23/20 8:00,4/26/20 8:00,
314894,4/23/20 8:00,4/26/20 8:00,
314895,4/23/20 8:00,4/26/20 8:00,
314896,4/23/20 8:00,4/26/20 8:00,
314897,4/23/20 8:00,4/26/20 8:00,
314898,4/23/20 8:00,4/26/20 8:00,
314899,4/23/20 8:00,4/26/20 8:00,
314900,4/23/20 8:00,4/26/20 8:00,
314901,4/23/20 8:00,4/26/20 8:00,
314902,4/23/20 8:00,4/26/20 8:00,
314903,4/23/20 8:00,4/26/20 8:00,
316830,4/23/20 8:00,4/26/20 8:00,
314904,4/23/20 8:00,4/26/20 8:00,
314905,4/23/20 8:00,4/26/20 8:00,
314906,4/23/20 8:00,4/26/20 8:00,
316832,4/23/20 8:00,4/26/20 8:00,
314907,4/23/20 8:00,4/26/20 8:00,
314908,4/23/20 8:00,4/26/20 8:00,
316833,4/23/20 8:00,4/26/20 8:00,
314909,4/23/20 8:00,4/26/20 8:00,
314910,4/23/20 8:00,4/26/20 8:00,
316834,4/23/20 8:00,4/26/20 8:00,
314911,4/23/20 8:00,4/26/20 8:00,
316835,4/23/20 8:00,4/26/20 8:00,
314912,4/23/20 8:00,4/26/20 8:00,
314913,4/23/20 8:00,4/26/20 8:00,
316836,4/23/20 8:00,4/26/20 8:00,
314914,4/23/20 8:00,4/26/20 8:00,
314915,4/23/20 8:00,4/26/20 8:00,
314916,4/23/20 8:00,4/26/20 8:00,
314917,4/23/20 8:00,4/26/20 8:00,
314918,4/23/20 8:00,4/26/20 8:00,
314919,4/23/20 8:00,4/26/20 8:00,
314920,4/23/20 8:00,4/26/20 8:00,
314921,4/23/20 8:00,4/26/20 8:00,
314922,4/23/20 8:00,4/26/20 8:00,
314923,4/23/20 8:00,4/26/20 8:00,
314924,4/23/20 8:00,4/26/20 8:00,
314925,4/23/20 8:00,4/26/20 8:00,
314926,4/23/20 8:00,4/26/20 8:00,
314927,4/23/20 8:00,4/26/20 8:00,
314928,4/23/20 8:00,4/26/20 8:00,
314929,4/23/20 8:00,4/26/20 8:00,
314931,4/23/20 8:00,4/26/20 8:00,
314932,4/23/20 8:00,4/26/20 8:00,
314933,4/23/20 8:00,4/26/20 8:00,
314934,4/23/20 8:00,4/26/20 8:00,
314935,4/23/20 8:00,4/26/20 8:00,
314936,4/23/20 8:00,4/26/20 8:00,
314937,4/23/20 8:00,4/26/20 8:00,
314938,4/23/20 8:00,4/26/20 8:00,
314939,4/23/20 8:00,4/26/20 8:00,
314940,4/23/20 8:00,4/26/20 8:00,
314941,4/23/20 8:00,4/26/20 8:00,
314942,4/23/20 8:00,4/26/20 8:00,
314943,4/23/20 8:00,4/26/20 8:00,
314944,4/23/20 8:00,4/26/20 8:00,
314945,4/23/20 8:00,4/26/20 8:00,
314946,4/23/20 8:00,4/26/20 8:00,
314947,4/23/20 8:00,4/26/20 8:00,
314948,4/23/20 8:00,4/26/20 8:00,
314949,4/23/20 8:00,4/26/20 8:00,
314950,4/23/20 8:00,4/26/20 8:00,
314951,4/23/20 8:00,4/26/20 8:00,
314952,4/23/20 8:00,4/26/20 8:00,
314953,4/23/20 8:00,4/26/20 8:00,
314954,4/23/20 8:00,4/26/20 8:00,
314955,4/23/20 8:00,4/26/20 8:00,
314956,4/23/20 8:00,4/26/20 8:00,
314957,4/23/20 8:00,4/26/20 8:00,
317057,4/23/20 8:00,4/26/20 8:00,
317058,4/23/20 8:00,4/26/20 8:00,
317059,4/23/20 8:00,4/26/20 8:00,
317060,4/23/20 8:00,4/26/20 8:00,
317061,4/23/20 8:00,4/26/20 8:00,
317062,4/23/20 8:00,4/26/20 8:00,
317063,4/23/20 8:00,4/26/20 8:00,
314958,4/23/20 8:00,4/26/20 8:00,
314959,4/23/20 8:00,4/26/20 8:00,
314960,4/23/20 8:00,4/26/20 8:00,
314961,4/23/20 8:00,4/26/20 8:00,
317065,4/23/20 8:00,4/26/20 8:00,
314962,4/23/20 8:00,4/26/20 8:00,
314963,4/23/20 8:00,4/26/20 8:00,
314964,4/23/20 8:00,4/26/20 8:00,
314965,4/23/20 8:00,4/26/20 8:00,
314966,4/23/20 8:00,4/26/20 8:00,
314968,4/23/20 8:00,4/26/20 8:00,
314969,4/23/20 8:00,4/26/20 8:00,
314970,4/23/20 8:00,4/26/20 8:00,
317066,4/23/20 8:00,4/26/20 8:00,
317068,4/23/20 8:00,4/26/20 8:00,
314971,4/23/20 8:00,4/26/20 8:00,
314972,4/23/20 8:00,4/26/20 8:00,
314973,4/23/20 8:00,4/26/20 8:00,
314974,4/23/20 8:00,4/26/20 8:00,
314975,4/23/20 8:00,4/26/20 8:00,
314976,4/23/20 8:00,4/26/20 8:00,
314977,4/23/20 8:00,4/26/20 8:00,
314978,4/23/20 8:00,4/26/20 8:00,
317069,4/23/20 8:00,4/26/20 8:00,
314979,4/23/20 8:00,4/26/20 8:00,
317070,4/23/20 8:00,4/26/20 8:00,
314980,4/23/20 8:00,4/26/20 8:00,
314981,4/23/20 8:00,4/26/20 8:00,
314982,4/23/20 8:00,4/26/20 8:00,
317071,4/23/20 8:00,4/26/20 8:00,
314983,4/23/20 8:00,4/26/20 8:00,
314984,4/23/20 8:00,4/26/20 8:00,
317072,4/23/20 8:00,4/26/20 8:00,
314985,4/23/20 8:00,4/26/20 8:00,
317073,4/23/20 8:00,4/26/20 8:00,
314986,4/23/20 8:00,4/26/20 8:00,
314987,4/23/20 8:00,4/26/20 8:00,
317075,4/23/20 8:00,4/26/20 8:00,
314989,4/23/20 8:00,4/26/20 8:00,
314990,4/23/20 8:00,4/26/20 8:00,
317078,4/23/20 8:00,4/26/20 8:00,
314991,4/23/20 8:00,4/26/20 8:00,
314992,4/23/20 8:00,4/26/20 8:00,
317079,4/23/20 8:00,4/26/20 8:00,
314993,4/23/20 8:00,4/26/20 8:00,
314994,4/23/20 8:00,4/26/20 8:00,
314995,4/23/20 8:00,4/26/20 8:00,
314996,4/23/20 8:00,4/26/20 8:00,
317081,4/23/20 8:00,4/26/20 8:00,
314997,4/23/20 8:00,4/26/20 8:00,
314998,4/23/20 8:00,4/26/20 8:00,
314999,4/23/20 8:00,4/26/20 8:00,
315000,4/23/20 8:00,4/26/20 8:00,
315001,4/23/20 8:00,4/26/20 8:00,
315002,4/23/20 8:00,4/26/20 8:00,
317094,4/23/20 8:00,4/26/20 8:00,
315003,4/23/20 8:00,4/26/20 8:00,
315004,4/23/20 8:00,4/26/20 8:00,
315005,4/23/20 8:00,4/26/20 8:00,
317994,4/23/20 8:00,4/26/20 8:00,
315006,4/23/20 8:00,4/26/20 8:00,
315007,4/23/20 8:00,4/26/20 8:00,
315008,4/23/20 8:00,4/26/20 8:00,
317995,4/23/20 8:00,4/26/20 8:00,
315009,4/23/20 8:00,4/26/20 8:00,
315010,4/23/20 8:00,4/26/20 8:00,
315011,4/23/20 8:00,4/26/20 8:00,
315012,4/23/20 8:00,4/26/20 8:00,
315013,4/23/20 8:00,4/26/20 8:00,
315014,4/23/20 8:00,4/26/20 8:00,
315015,4/23/20 8:00,4/26/20 8:00,
315016,5/20/20 8:00,5/23/20 8:00,
315017,4/23/20 8:00,4/26/20 8:00,
315018,4/23/20 8:00,4/26/20 8:00,
315019,4/23/20 8:00,4/26/20 8:00,
315020,4/23/20 8:00,4/26/20 8:00,
315021,4/23/20 8:00,4/26/20 8:00,
315022,4/23/20 8:00,4/26/20 8:00,
315023,4/23/20 8:00,4/26/20 8:00,
315024,4/23/20 8:00,4/26/20 8:00,
315025,4/23/20 8:00,4/26/20 8:00,
315026,4/23/20 8:00,4/26/20 8:00,
315027,4/23/20 8:00,4/26/20 8:00,
315028,4/23/20 8:00,4/26/20 8:00,
315029,4/23/20 8:00,4/26/20 8:00,
315034,4/23/20 8:00,4/26/20 8:00,
315033,4/23/20 8:00,4/26/20 8:00,
317601,4/23/20 8:00,4/26/20 8:00,
315030,4/23/20 8:00,4/26/20 8:00,
317602,4/23/20 8:00,4/26/20 8:00,
315031,4/23/20 8:00,4/26/20 8:00,
315041,4/23/20 8:00,4/26/20 8:00,
315039,4/23/20 8:00,4/26/20 8:00,
315032,4/23/20 8:00,4/26/20 8:00,
315040,4/23/20 8:00,4/26/20 8:00,
315035,4/23/20 8:00,4/26/20 8:00,
315036,4/23/20 8:00,4/26/20 8:00,
315037,4/23/20 8:00,4/26/20 8:00,
315038,4/23/20 8:00,4/26/20 8:00,
317600,4/23/20 8:00,4/26/20 8:00,
317616,4/23/20 8:00,4/26/20 8:00,
317607,4/23/20 8:00,4/26/20 8:00,
317104,4/23/20 8:00,4/26/20 8:00,
315042,4/23/20 8:00,4/26/20 8:00,
317614,4/23/20 8:00,4/26/20 8:00,
317606,4/23/20 8:00,4/26/20 8:00,
317608,4/23/20 8:00,4/26/20 8:00,
317613,4/23/20 8:00,4/26/20 8:00,
317604,4/23/20 8:00,4/26/20 8:00,
317609,4/23/20 8:00,4/26/20 8:00,
317603,4/23/20 8:00,4/26/20 8:00,
317619,4/23/20 8:00,4/26/20 8:00,
317611,4/23/20 8:00,4/26/20 8:00,
317617,4/23/20 8:00,4/26/20 8:00,
317615,4/23/20 8:00,4/26/20 8:00,
317605,4/23/20 8:00,4/26/20 8:00,
317618,4/23/20 8:00,4/26/20 8:00,
317610,4/23/20 8:00,4/26/20 8:00,
317612,4/23/20 8:00,4/26/20 8:00,
317756,4/23/20 8:00,4/26/20 8:00,
317758,4/23/20 8:00,4/26/20 8:00,
317755,4/23/20 8:00,4/26/20 8:00,
317751,4/23/20 8:00,4/26/20 8:00,
317760,4/23/20 8:00,4/26/20 8:00,
317752,4/23/20 8:00,4/26/20 8:00,
317759,4/23/20 8:00,4/26/20 8:00,
317762,4/23/20 8:00,4/26/20 8:00,
317761,4/23/20 8:00,4/26/20 8:00,
317767,4/23/20 8:00,4/26/20 8:00,
317105,4/23/20 8:00,4/26/20 8:00,
317106,4/23/20 8:00,4/26/20 8:00,
317764,4/23/20 8:00,4/26/20 8:00,
317768,4/23/20 8:00,4/26/20 8:00,
317766,4/23/20 8:00,4/26/20 8:00,
317765,4/23/20 8:00,4/26/20 8:00,
317642,4/23/20 8:00,4/26/20 8:00,
317647,4/23/20 8:00,4/26/20 8:00,
317648,4/23/20 8:00,4/26/20 8:00,
317645,5/20/20 8:00,5/23/20 8:00,
317640,4/23/20 8:00,4/26/20 8:00,
317641,4/23/20 8:00,4/26/20 8:00,
317651,4/23/20 8:00,4/26/20 8:00,
317637,4/23/20 8:00,4/26/20 8:00,
317646,4/23/20 8:00,4/26/20 8:00,
317650,4/23/20 8:00,4/26/20 8:00,
317649,4/23/20 8:00,4/26/20 8:00,
317643,4/23/20 8:00,4/26/20 8:00,
317638,4/23/20 8:00,4/26/20 8:00,
317639,4/23/20 8:00,4/26/20 8:00,
317636,4/23/20 8:00,4/26/20 8:00,
315043,4/23/20 8:00,4/26/20 8:00,
317982,4/23/20 8:00,4/26/20 8:00,
317983,4/23/20 8:00,4/26/20 8:00,
317984,4/23/20 8:00,4/26/20 8:00,
315045,4/23/20 8:00,4/26/20 8:00,
315046,4/23/20 8:00,4/26/20 8:00,
317985,4/23/20 8:00,4/26/20 8:00,
317986,4/23/20 8:00,4/26/20 8:00,
317987,4/23/20 8:00,4/26/20 8:00,
317988,4/23/20 8:00,4/26/20 8:00,
315047,4/23/20 8:00,4/26/20 8:00,
315048,4/23/20 8:00,4/26/20 8:00,
317989,4/23/20 8:00,4/26/20 8:00,
317990,4/23/20 8:00,4/26/20 8:00,
315049,4/23/20 8:00,4/26/20 8:00,
315050,4/23/20 8:00,4/26/20 8:00,
317991,4/23/20 8:00,4/26/20 8:00,
317992,4/23/20 8:00,4/26/20 8:00,
317993,4/23/20 8:00,4/26/20 8:00,
317107,4/23/20 8:00,4/26/20 8:00,
317108,4/23/20 8:00,4/26/20 8:00,
317996,4/23/20 8:00,4/26/20 8:00,
317997,4/23/20 8:00,4/26/20 8:00,
317998,4/23/20 8:00,4/26/20 8:00,
316212,4/23/20 8:00,4/26/20 8:00,
317109,4/23/20 8:00,4/26/20 8:00,
318022,4/23/20 8:00,4/26/20 8:00,
318024,4/23/20 8:00,4/26/20 8:00,
315052,4/23/20 8:00,4/26/20 8:00,
315053,4/23/20 8:00,4/26/20 8:00,
315054,4/23/20 8:00,4/26/20 8:00,
315055,4/23/20 8:00,4/26/20 8:00,
315056,4/23/20 8:00,4/26/20 8:00,
315057,4/23/20 8:00,4/26/20 8:00,
318027,4/23/20 8:00,4/26/20 8:00,
318028,4/23/20 8:00,4/26/20 8:00,
318029,4/23/20 8:00,4/26/20 8:00,
318030,4/23/20 8:00,4/26/20 8:00,
318031,4/23/20 8:00,4/26/20 8:00,
315058,4/23/20 8:00,4/26/20 8:00,
315059,4/23/20 8:00,4/26/20 8:00,
318032,4/23/20 8:00,4/26/20 8:00,
318033,4/23/20 8:00,4/26/20 8:00,
318034,4/23/20 8:00,4/26/20 8:00,
318035,4/23/20 8:00,4/26/20 8:00,
315060,4/23/20 8:00,4/26/20 8:00,
315061,4/23/20 8:00,4/26/20 8:00,
315062,4/23/20 8:00,4/26/20 8:00,
315064,4/23/20 8:00,4/26/20 8:00,
315065,4/23/20 8:00,4/26/20 8:00,
318036,4/23/20 8:00,4/26/20 8:00,
318037,4/23/20 8:00,4/26/20 8:00,
315066,4/23/20 8:00,4/26/20 8:00,
315067,4/23/20 8:00,4/26/20 8:00,
315068,4/23/20 8:00,4/26/20 8:00,
315069,4/23/20 8:00,4/26/20 8:00,
315070,4/23/20 8:00,4/26/20 8:00,
315071,4/23/20 8:00,4/26/20 8:00,
315072,4/23/20 8:00,4/26/20 8:00,
315073,4/23/20 8:00,4/26/20 8:00,
315075,4/23/20 8:00,4/26/20 8:00,
315076,4/23/20 8:00,4/26/20 8:00,
315077,4/23/20 8:00,4/26/20 8:00,
315078,4/23/20 8:00,4/26/20 8:00,
315079,4/23/20 8:00,4/26/20 8:00,
315080,4/23/20 8:00,4/26/20 8:00,
315081,4/23/20 8:00,4/26/20 8:00,
315082,4/23/20 8:00,4/26/20 8:00,
315083,4/23/20 8:00,4/26/20 8:00,
315084,4/23/20 8:00,4/26/20 8:00,
315085,4/23/20 8:00,4/26/20 8:00,
315086,4/23/20 8:00,4/26/20 8:00,
315087,4/23/20 8:00,4/26/20 8:00,
318002,4/23/20 8:00,4/26/20 8:00,
318006,4/23/20 8:00,4/26/20 8:00,
318004,4/23/20 8:00,4/26/20 8:00,
317110,4/23/20 8:00,4/26/20 8:00,
315089,4/23/20 8:00,4/26/20 8:00,
318016,4/23/20 8:00,4/26/20 8:00,
318017,4/23/20 8:00,4/26/20 8:00,
315090,4/23/20 8:00,4/26/20 8:00,
318014,4/23/20 8:00,4/26/20 8:00,
315091,4/23/20 8:00,4/26/20 8:00,
315092,4/23/20 8:00,4/26/20 8:00,
318012,4/23/20 8:00,4/26/20 8:00,
315093,4/23/20 8:00,4/26/20 8:00,
315094,4/23/20 8:00,4/26/20 8:00,
318013,4/23/20 8:00,4/26/20 8:00,
318015,4/23/20 8:00,4/26/20 8:00,
318010,4/23/20 8:00,4/26/20 8:00,
315095,4/23/20 8:00,4/26/20 8:00,
318025,4/23/20 8:00,4/26/20 8:00,
316213,4/23/20 8:00,4/26/20 8:00,
317999,4/23/20 8:00,4/26/20 8:00,
318000,4/23/20 8:00,4/26/20 8:00,
318001,4/23/20 8:00,4/26/20 8:00,
318003,4/23/20 8:00,4/26/20 8:00,
318005,4/23/20 8:00,4/26/20 8:00,
318007,4/23/20 8:00,4/26/20 8:00,
318008,4/23/20 8:00,4/26/20 8:00,
318009,4/23/20 8:00,4/26/20 8:00,
318011,4/23/20 8:00,4/26/20 8:00,
318018,4/23/20 8:00,4/26/20 8:00,
318019,4/23/20 8:00,4/26/20 8:00,
318020,4/23/20 8:00,4/26/20 8:00,
318021,4/23/20 8:00,4/26/20 8:00,
318023,4/23/20 8:00,4/26/20 8:00,
318026,4/23/20 8:00,4/26/20 8:00,
318588,4/23/20 8:00,4/26/20 8:00,
318586,4/23/20 8:00,4/26/20 8:00,
318589,4/23/20 8:00,4/26/20 8:00,
318580,4/23/20 8:00,4/26/20 8:00,
318581,4/23/20 8:00,4/26/20 8:00,
318582,4/23/20 8:00,4/26/20 8:00,
318583,4/23/20 8:00,4/26/20 8:00,
318585,4/23/20 8:00,4/26/20 8:00,
316214,4/23/20 8:00,4/26/20 8:00,
318592,4/23/20 8:00,4/26/20 8:00,
316215,4/23/20 8:00,4/26/20 8:00,
318591,4/23/20 8:00,4/26/20 8:00,
318593,4/23/20 8:00,4/26/20 8:00,
315099,4/23/20 8:00,4/26/20 8:00,
318758,4/23/20 8:00,4/26/20 8:00,
318759,4/23/20 8:00,4/26/20 8:00,
318761,4/23/20 8:00,4/26/20 8:00,
315100,4/23/20 8:00,4/26/20 8:00,
318762,4/23/20 8:00,4/26/20 8:00,
315101,4/23/20 8:00,4/26/20 8:00,
315102,4/23/20 8:00,4/26/20 8:00,
315103,4/23/20 8:00,4/26/20 8:00,
318763,4/23/20 8:00,4/26/20 8:00,
315104,4/23/20 8:00,4/26/20 8:00,
315105,4/23/20 8:00,4/26/20 8:00,
315106,4/23/20 8:00,4/26/20 8:00,
315107,4/23/20 8:00,4/26/20 8:00,
315108,4/23/20 8:00,4/26/20 8:00,
318764,4/23/20 8:00,4/26/20 8:00,
318765,4/23/20 8:00,4/26/20 8:00,
318766,4/23/20 8:00,4/26/20 8:00,
316216,4/23/20 8:00,4/26/20 8:00,
318767,4/23/20 8:00,4/26/20 8:00,
315110,4/23/20 8:00,4/26/20 8:00,
318768,4/23/20 8:00,4/26/20 8:00,
317111,4/23/20 8:00,4/26/20 8:00,
315111,4/23/20 8:00,4/26/20 8:00,
317112,4/23/20 8:00,4/26/20 8:00,
317113,4/23/20 8:00,4/26/20 8:00,
318771,4/23/20 8:00,4/26/20 8:00,
318773,4/23/20 8:00,4/26/20 8:00,
318774,4/23/20 8:00,4/26/20 8:00,
318776,4/23/20 8:00,4/26/20 8:00,
318777,4/23/20 8:00,4/26/20 8:00,
315113,4/23/20 8:00,4/26/20 8:00,
318778,4/23/20 8:00,4/26/20 8:00,
315114,4/23/20 8:00,4/26/20 8:00,
315115,4/23/20 8:00,4/26/20 8:00,
315116,4/23/20 8:00,4/26/20 8:00,
315117,4/23/20 8:00,4/26/20 8:00,
315118,4/29/20 8:00,5/2/20 8:00,
315119,4/29/20 8:00,5/2/20 8:00,
318495,4/29/20 8:00,5/2/20 8:00,
315120,4/29/20 8:00,5/2/20 8:00,
316431,4/29/20 8:00,5/2/20 8:00,
316432,4/29/20 8:00,5/2/20 8:00,
316437,4/29/20 8:00,5/2/20 8:00,
316440,5/3/20 8:00,5/6/20 8:00,
318496,5/3/20 8:00,5/6/20 8:00,
316441,5/3/20 8:00,5/6/20 8:00,
318497,5/3/20 8:00,5/6/20 8:00,
316442,5/3/20 8:00,5/6/20 8:00,
316443,5/3/20 8:00,5/6/20 8:00,
316444,5/3/20 8:00,5/6/20 8:00,
316445,5/3/20 8:00,5/6/20 8:00,
316446,5/3/20 8:00,5/6/20 8:00,
318498,5/5/20 8:00,5/8/20 8:00,
315124,5/5/20 8:00,5/8/20 8:00,
320905,5/5/20 8:00,5/8/20 8:00,
320904,5/5/20 8:00,5/8/20 8:00,
320903,5/5/20 8:00,5/8/20 8:00,
320906,5/5/20 8:00,5/8/20 8:00,
320907,5/5/20 8:00,5/8/20 8:00,
315125,5/5/20 8:00,5/8/20 8:00,
315126,5/20/20 8:00,5/23/20 8:00,
315127,5/20/20 8:00,5/23/20 8:00,
315128,5/20/20 8:00,5/23/20 8:00,
315129,5/20/20 8:00,5/23/20 8:00,
315130,5/20/20 8:00,5/23/20 8:00,
315131,5/20/20 8:00,5/23/20 8:00,
315132,5/20/20 8:00,5/23/20 8:00,
315133,5/20/20 8:00,5/23/20 8:00,
315134,5/20/20 8:00,5/23/20 8:00,
320937,5/20/20 8:00,5/23/20 8:00,
315135,5/20/20 8:00,5/23/20 8:00,
315136,5/20/20 8:00,5/23/20 8:00,
315137,5/20/20 8:00,5/23/20 8:00,
320959,5/20/20 8:00,5/23/20 8:00,
315138,5/20/20 8:00,5/23/20 8:00,
315139,5/20/20 8:00,5/23/20 8:00,
315140,5/20/20 8:00,5/23/20 8:00,
315141,5/20/20 8:00,5/23/20 8:00,
315142,5/20/20 8:00,5/23/20 8:00,
320957,5/20/20 8:00,5/23/20 8:00,
315143,5/20/20 8:00,5/23/20 8:00,
315144,5/20/20 8:00,5/23/20 8:00,
315145,5/20/20 8:00,5/23/20 8:00,
315147,5/20/20 8:00,5/23/20 8:00,
315148,5/20/20 8:00,5/23/20 8:00,
315149,5/20/20 8:00,5/23/20 8:00,
315151,5/20/20 8:00,5/23/20 8:00,
315152,5/20/20 8:00,5/23/20 8:00,
315153,5/20/20 8:00,5/23/20 8:00,
315154,5/20/20 8:00,5/23/20 8:00,
315155,5/20/20 8:00,5/23/20 8:00,
315156,5/20/20 8:00,5/23/20 8:00,
315157,5/20/20 8:00,5/23/20 8:00,
315158,5/20/20 8:00,5/23/20 8:00,
315160,5/20/20 8:00,5/23/20 8:00,
320942,5/20/20 8:00,5/23/20 8:00,
315161,5/20/20 8:00,5/23/20 8:00,
315162,5/20/20 8:00,5/23/20 8:00,
315163,5/20/20 8:00,5/23/20 8:00,
315164,5/20/20 8:00,5/23/20 8:00,
315165,5/20/20 8:00,5/23/20 8:00,
315166,5/20/20 8:00,5/23/20 8:00,
315167,5/20/20 8:00,5/23/20 8:00,
315168,5/20/20 8:00,5/23/20 8:00,
315169,5/20/20 8:00,5/23/20 8:00,
315170,5/20/20 8:00,5/23/20 8:00,
320943,5/20/20 8:00,5/23/20 8:00,
315171,5/20/20 8:00,5/23/20 8:00,
315172,5/20/20 8:00,5/23/20 8:00,
320944,5/20/20 8:00,5/23/20 8:00,
315173,5/20/20 8:00,5/23/20 8:00,
315174,5/20/20 8:00,5/23/20 8:00,
320945,5/20/20 8:00,5/23/20 8:00,
315175,5/20/20 8:00,5/23/20 8:00,
315176,5/20/20 8:00,5/23/20 8:00,
315177,5/20/20 8:00,5/23/20 8:00,
315178,5/20/20 8:00,5/23/20 8:00,
315179,5/20/20 8:00,5/23/20 8:00,
315180,5/20/20 8:00,5/23/20 8:00,
315181,5/20/20 8:00,5/23/20 8:00,
315182,5/20/20 8:00,5/23/20 8:00,
315183,5/20/20 8:00,5/23/20 8:00,
315184,5/20/20 8:00,5/23/20 8:00,
315185,5/20/20 8:00,5/23/20 8:00,
315186,5/20/20 8:00,5/23/20 8:00,
315187,5/20/20 8:00,5/23/20 8:00,
315188,5/20/20 8:00,5/23/20 8:00,
315189,5/20/20 8:00,5/23/20 8:00,
315190,5/20/20 8:00,5/23/20 8:00,
315192,5/20/20 8:00,5/23/20 8:00,
315193,5/20/20 8:00,5/23/20 8:00,
315194,5/20/20 8:00,5/23/20 8:00,
315195,5/20/20 8:00,5/23/20 8:00,
315196,5/20/20 8:00,5/23/20 8:00,
315197,5/20/20 8:00,5/23/20 8:00,
315198,5/20/20 8:00,5/23/20 8:00,
315199,5/20/20 8:00,5/23/20 8:00,
315201,5/20/20 8:00,5/23/20 8:00,
315202,5/20/20 8:00,5/23/20 8:00,
315203,5/20/20 8:00,5/23/20 8:00,
315204,5/20/20 8:00,5/23/20 8:00,
315205,5/20/20 8:00,5/23/20 8:00,
315206,5/20/20 8:00,5/23/20 8:00,
315207,5/20/20 8:00,5/23/20 8:00,
315208,5/20/20 8:00,5/23/20 8:00,
315209,5/20/20 8:00,5/23/20 8:00,
315210,5/20/20 8:00,5/23/20 8:00,
315211,5/20/20 8:00,5/23/20 8:00,
315212,5/20/20 8:00,5/23/20 8:00,
315213,5/20/20 8:00,5/23/20 8:00,
315214,5/20/20 8:00,5/23/20 8:00,
315215,5/20/20 8:00,5/23/20 8:00,
315217,5/20/20 8:00,5/23/20 8:00,
315218,5/20/20 8:00,5/23/20 8:00,
315219,5/20/20 8:00,5/23/20 8:00,
315220,5/20/20 8:00,5/23/20 8:00,
315221,5/20/20 8:00,5/23/20 8:00,
315222,5/20/20 8:00,5/23/20 8:00,
315223,5/20/20 8:00,5/23/20 8:00,
315224,5/20/20 8:00,5/23/20 8:00,
315225,5/20/20 8:00,5/23/20 8:00,
320946,5/20/20 8:00,5/23/20 8:00,
315226,5/20/20 8:00,5/23/20 8:00,
315227,5/20/20 8:00,5/23/20 8:00,
315228,5/20/20 8:00,5/23/20 8:00,
315229,5/20/20 8:00,5/23/20 8:00,
315230,5/20/20 8:00,5/23/20 8:00,
320947,5/20/20 8:00,5/23/20 8:00,
315232,5/20/20 8:00,5/23/20 8:00,
320948,5/20/20 8:00,5/23/20 8:00,
315234,5/20/20 8:00,5/23/20 8:00,
315235,5/20/20 8:00,5/23/20 8:00,
315236,5/20/20 8:00,5/23/20 8:00,
320949,5/20/20 8:00,5/23/20 8:00,
315237,5/20/20 8:00,5/23/20 8:00,
315238,5/20/20 8:00,5/23/20 8:00,
315239,5/20/20 8:00,5/23/20 8:00,
315240,5/20/20 8:00,5/23/20 8:00,
315241,5/20/20 8:00,5/23/20 8:00,
315242,5/20/20 8:00,5/23/20 8:00,
315243,5/20/20 8:00,5/23/20 8:00,
315244,5/20/20 8:00,5/23/20 8:00,
320950,5/20/20 8:00,5/23/20 8:00,
315246,5/20/20 8:00,5/23/20 8:00,
315247,5/20/20 8:00,5/23/20 8:00,
315248,5/20/20 8:00,5/23/20 8:00,
315249,5/20/20 8:00,5/23/20 8:00,
315250,5/20/20 8:00,5/23/20 8:00,
315251,5/20/20 8:00,5/23/20 8:00,
315252,5/20/20 8:00,5/23/20 8:00,
315253,5/20/20 8:00,5/23/20 8:00,
315254,5/20/20 8:00,5/23/20 8:00,
315255,5/20/20 8:00,5/23/20 8:00,
315257,5/20/20 8:00,5/23/20 8:00,
315258,5/20/20 8:00,5/23/20 8:00,
315259,5/20/20 8:00,5/23/20 8:00,
315260,5/20/20 8:00,5/23/20 8:00,
315261,5/20/20 8:00,5/23/20 8:00,
315262,5/20/20 8:00,5/23/20 8:00,
315263,5/20/20 8:00,5/23/20 8:00,
315264,5/20/20 8:00,5/23/20 8:00,
315265,5/20/20 8:00,5/23/20 8:00,
315266,5/20/20 8:00,5/23/20 8:00,
315267,5/20/20 8:00,5/23/20 8:00,
315268,5/20/20 8:00,5/23/20 8:00,
315269,5/20/20 8:00,5/23/20 8:00,
315270,5/20/20 8:00,5/23/20 8:00,
315271,5/20/20 8:00,5/23/20 8:00,
315272,5/20/20 8:00,5/23/20 8:00,
315273,5/20/20 8:00,5/23/20 8:00,
315274,5/20/20 8:00,5/23/20 8:00,
315275,5/20/20 8:00,5/23/20 8:00,
315276,5/20/20 8:00,5/23/20 8:00,
315277,5/20/20 8:00,5/23/20 8:00,
315278,5/20/20 8:00,5/23/20 8:00,
315279,5/20/20 8:00,5/23/20 8:00,
315280,5/20/20 8:00,5/23/20 8:00,
320951,5/20/20 8:00,5/23/20 8:00,
315281,5/20/20 8:00,5/23/20 8:00,
315282,5/20/20 8:00,5/23/20 8:00,
315283,5/20/20 8:00,5/23/20 8:00,
315284,5/20/20 8:00,5/23/20 8:00,
320952,5/20/20 8:00,5/23/20 8:00,
315285,5/20/20 8:00,5/23/20 8:00,
315286,5/20/20 8:00,5/23/20 8:00,
315287,5/20/20 8:00,5/23/20 8:00,
315288,5/20/20 8:00,5/23/20 8:00,
315289,5/20/20 8:00,5/23/20 8:00,
315290,5/20/20 8:00,5/23/20 8:00,
315291,5/20/20 8:00,5/23/20 8:00,
320953,5/20/20 8:00,5/23/20 8:00,
320954,5/20/20 8:00,5/23/20 8:00,
315293,5/20/20 8:00,5/23/20 8:00,
315301,5/20/20 8:00,5/23/20 8:00,
315302,5/20/20 8:00,5/23/20 8:00,
315303,5/20/20 8:00,5/23/20 8:00,
320955,5/20/20 8:00,5/23/20 8:00,
315304,5/20/20 8:00,5/23/20 8:00,
315305,5/20/20 8:00,5/23/20 8:00,
315306,5/20/20 8:00,5/23/20 8:00,
315307,5/20/20 8:00,5/23/20 8:00,
315308,5/20/20 8:00,5/23/20 8:00,
315309,5/20/20 8:00,5/23/20 8:00,
315310,5/20/20 8:00,5/23/20 8:00,
315311,5/20/20 8:00,5/23/20 8:00,
315312,5/20/20 8:00,5/23/20 8:00,
315313,5/20/20 8:00,5/23/20 8:00,
315314,5/20/20 8:00,5/23/20 8:00,
315315,5/20/20 8:00,5/23/20 8:00,
315317,5/20/20 8:00,5/23/20 8:00,
315318,5/20/20 8:00,5/23/20 8:00,
315319,5/20/20 8:00,5/23/20 8:00,
315320,5/20/20 8:00,5/23/20 8:00,
315321,5/20/20 8:00,5/23/20 8:00,
315322,5/20/20 8:00,5/23/20 8:00,
315323,5/20/20 8:00,5/23/20 8:00,
315324,5/20/20 8:00,5/23/20 8:00,
315325,5/20/20 8:00,5/23/20 8:00,
315326,5/20/20 8:00,5/23/20 8:00,
315327,5/20/20 8:00,5/23/20 8:00,
315328,5/20/20 8:00,5/23/20 8:00,
315329,5/20/20 8:00,5/23/20 8:00,
315330,5/20/20 8:00,5/23/20 8:00,
315331,5/20/20 8:00,5/23/20 8:00,
315332,5/20/20 8:00,5/23/20 8:00,
315333,5/20/20 8:00,5/23/20 8:00,
315334,5/20/20 8:00,5/23/20 8:00,
315335,5/20/20 8:00,5/23/20 8:00,
315336,5/20/20 8:00,5/23/20 8:00,
315337,5/20/20 8:00,5/23/20 8:00,
315338,5/20/20 8:00,5/23/20 8:00,
315339,5/20/20 8:00,5/23/20 8:00,
315340,5/20/20 8:00,5/23/20 8:00,
315341,5/20/20 8:00,5/23/20 8:00,
315342,5/20/20 8:00,5/23/20 8:00,
315343,5/20/20 8:00,5/23/20 8:00,
315344,5/20/20 8:00,5/23/20 8:00,
315345,5/20/20 8:00,5/23/20 8:00,
315346,5/20/20 8:00,5/23/20 8:00,
315347,5/20/20 8:00,5/23/20 8:00,
315348,5/20/20 8:00,5/23/20 8:00,
315349,5/20/20 8:00,5/23/20 8:00,
315350,5/20/20 8:00,5/23/20 8:00,
315351,5/20/20 8:00,5/23/20 8:00,
315352,5/20/20 8:00,5/23/20 8:00,
315353,5/20/20 8:00,5/23/20 8:00,
320958,5/20/20 8:00,5/23/20 8:00,
315354,5/20/20 8:00,5/23/20 8:00,
315355,5/20/20 8:00,5/23/20 8:00,
315356,5/20/20 8:00,5/23/20 8:00,
315357,5/20/20 8:00,5/23/20 8:00,
315358,5/20/20 8:00,5/23/20 8:00,
320960,5/20/20 8:00,5/23/20 8:00,
315359,5/20/20 8:00,5/23/20 8:00,
315360,5/20/20 8:00,5/23/20 8:00,
315361,5/20/20 8:00,5/23/20 8:00,
315362,5/20/20 8:00,5/23/20 8:00,
315363,5/20/20 8:00,5/23/20 8:00,
315364,5/20/20 8:00,5/23/20 8:00,
315365,5/20/20 8:00,5/23/20 8:00,
315366,5/20/20 8:00,5/23/20 8:00,
320965,5/20/20 8:00,5/23/20 8:00,
320969,5/20/20 8:00,5/23/20 8:00,
315367,5/20/20 8:00,5/23/20 8:00,
315368,5/20/20 8:00,5/23/20 8:00,
315369,5/20/20 8:00,5/23/20 8:00,
315370,5/20/20 8:00,5/23/20 8:00,
315371,5/20/20 8:00,5/23/20 8:00,
315372,5/20/20 8:00,5/23/20 8:00,
315373,5/20/20 8:00,5/23/20 8:00,
315374,5/20/20 8:00,5/23/20 8:00,
320964,5/20/20 8:00,5/23/20 8:00,
315375,5/20/20 8:00,5/23/20 8:00,
320966,5/20/20 8:00,5/23/20 8:00,
315376,5/20/20 8:00,5/23/20 8:00,
315377,5/20/20 8:00,5/23/20 8:00,
320963,5/20/20 8:00,5/23/20 8:00,
315378,5/20/20 8:00,5/23/20 8:00,
315379,5/20/20 8:00,5/23/20 8:00,
320961,5/20/20 8:00,5/23/20 8:00,
315380,5/20/20 8:00,5/23/20 8:00,
320968,5/20/20 8:00,5/23/20 8:00,
315381,5/20/20 8:00,5/23/20 8:00,
315382,5/20/20 8:00,5/23/20 8:00,
320967,5/20/20 8:00,5/23/20 8:00,
315383,5/20/20 8:00,5/23/20 8:00,
315384,5/20/20 8:00,5/23/20 8:00,
320962,5/20/20 8:00,5/23/20 8:00,
315385,5/20/20 8:00,5/23/20 8:00,
315386,5/20/20 8:00,5/23/20 8:00,
320976,5/20/20 8:00,5/23/20 8:00,
315387,5/20/20 8:00,5/23/20 8:00,
315388,5/20/20 8:00,5/23/20 8:00,
315389,5/20/20 8:00,5/23/20 8:00,
315390,5/20/20 8:00,5/23/20 8:00,
320975,5/20/20 8:00,5/23/20 8:00,
315391,5/20/20 8:00,5/23/20 8:00,
315392,5/20/20 8:00,5/23/20 8:00,
315393,5/20/20 8:00,5/23/20 8:00,
315394,5/20/20 8:00,5/23/20 8:00,
315395,5/20/20 8:00,5/23/20 8:00,
315396,5/20/20 8:00,5/23/20 8:00,
317117,5/20/20 8:00,5/23/20 8:00,
315397,5/20/20 8:00,5/23/20 8:00,
315398,5/20/20 8:00,5/23/20 8:00,
320973,5/20/20 8:00,5/23/20 8:00,
315399,5/20/20 8:00,5/23/20 8:00,
315400,5/20/20 8:00,5/23/20 8:00,
315401,5/20/20 8:00,5/23/20 8:00,
320974,5/20/20 8:00,5/23/20 8:00,
315402,5/20/20 8:00,5/23/20 8:00,
315403,5/20/20 8:00,5/23/20 8:00,
315404,5/20/20 8:00,5/23/20 8:00,
315405,5/20/20 8:00,5/23/20 8:00,
315406,5/20/20 8:00,5/23/20 8:00,
315407,5/20/20 8:00,5/23/20 8:00,
315408,5/20/20 8:00,5/23/20 8:00,
315409,5/20/20 8:00,5/23/20 8:00,
315410,5/20/20 8:00,5/23/20 8:00,
315411,5/20/20 8:00,5/23/20 8:00,
315412,5/20/20 8:00,5/23/20 8:00,
315413,5/20/20 8:00,5/23/20 8:00,
315414,5/20/20 8:00,5/23/20 8:00,
315416,5/20/20 8:00,5/23/20 8:00,
315417,5/20/20 8:00,5/23/20 8:00,
315418,5/20/20 8:00,5/23/20 8:00,
315419,5/20/20 8:00,5/23/20 8:00,
315420,5/20/20 8:00,5/23/20 8:00,
315421,5/20/20 8:00,5/23/20 8:00,
315422,5/20/20 8:00,5/23/20 8:00,
315423,5/20/20 8:00,5/23/20 8:00,
315424,5/20/20 8:00,5/23/20 8:00,
315425,5/20/20 8:00,5/23/20 8:00,
321137,5/20/20 8:00,5/23/20 8:00,
315426,5/20/20 8:00,5/23/20 8:00,
321138,5/20/20 8:00,5/23/20 8:00,
315427,5/20/20 8:00,5/23/20 8:00,
315428,5/20/20 8:00,5/23/20 8:00,
315429,5/20/20 8:00,5/23/20 8:00,
315430,5/20/20 8:00,5/23/20 8:00,
315431,5/20/20 8:00,5/23/20 8:00,
315432,5/20/20 8:00,5/23/20 8:00,
315433,5/20/20 8:00,5/23/20 8:00,
315434,5/20/20 8:00,5/23/20 8:00,
315435,5/20/20 8:00,5/23/20 8:00,
320939,5/20/20 8:00,5/23/20 8:00,
320940,5/20/20 8:00,5/23/20 8:00,
320941,5/20/20 8:00,5/23/20 8:00,
317118,5/20/20 8:00,5/23/20 8:00,
315436,5/20/20 8:00,5/23/20 8:00,
321139,5/20/20 8:00,5/23/20 8:00,
321140,5/20/20 8:00,5/23/20 8:00,
321141,5/20/20 8:00,5/23/20 8:00,
321142,5/20/20 8:00,5/23/20 8:00,
321143,5/20/20 8:00,5/23/20 8:00,
321144,5/20/20 8:00,5/23/20 8:00,
321145,5/20/20 8:00,5/23/20 8:00,
321146,5/20/20 8:00,5/23/20 8:00,
321147,5/20/20 8:00,5/23/20 8:00,
321148,5/20/20 8:00,5/23/20 8:00,
321149,5/20/20 8:00,5/23/20 8:00,
321150,5/20/20 8:00,5/23/20 8:00,
321151,5/20/20 8:00,5/23/20 8:00,
321152,5/20/20 8:00,5/23/20 8:00,
321153,5/20/20 8:00,5/23/20 8:00,
321154,5/20/20 8:00,5/23/20 8:00,
321455,5/20/20 8:00,5/23/20 8:00,
321456,5/20/20 8:00,5/23/20 8:00,
321457,5/20/20 8:00,5/23/20 8:00,
321458,5/20/20 8:00,5/23/20 8:00,
321459,5/20/20 8:00,5/23/20 8:00,
321467,5/20/20 8:00,5/23/20 8:00,
321468,5/20/20 8:00,5/23/20 8:00,
321469,5/20/20 8:00,5/23/20 8:00,
321470,5/20/20 8:00,5/23/20 8:00,
317119,5/20/20 8:00,5/23/20 8:00,
317120,5/20/20 8:00,5/23/20 8:00,
321471,5/20/20 8:00,5/23/20 8:00,
321474,5/20/20 8:00,5/23/20 8:00,
321473,5/20/20 8:00,5/23/20 8:00,
321472,5/20/20 8:00,5/23/20 8:00,
321477,5/20/20 8:00,5/23/20 8:00,
321476,5/20/20 8:00,5/23/20 8:00,
321475,5/20/20 8:00,5/23/20 8:00,
321478,5/20/20 8:00,5/23/20 8:00,
321485,5/20/20 8:00,5/23/20 8:00,
321483,5/20/20 8:00,5/23/20 8:00,
321481,5/20/20 8:00,5/23/20 8:00,
321479,5/20/20 8:00,5/23/20 8:00,
321484,5/20/20 8:00,5/23/20 8:00,
321480,5/20/20 8:00,5/23/20 8:00,
321482,5/20/20 8:00,5/23/20 8:00,
321461,5/20/20 8:00,5/23/20 8:00,
321460,5/20/20 8:00,5/23/20 8:00,
321462,5/20/20 8:00,5/23/20 8:00,
321464,5/20/20 8:00,5/23/20 8:00,
321466,5/20/20 8:00,5/23/20 8:00,
321463,5/20/20 8:00,5/23/20 8:00,
321465,5/20/20 8:00,5/23/20 8:00,
315437,5/20/20 8:00,5/23/20 8:00,
315438,5/20/20 8:00,5/23/20 8:00,
315439,5/20/20 8:00,5/23/20 8:00,
321786,5/20/20 8:00,5/23/20 8:00,
315440,5/20/20 8:00,5/23/20 8:00,
321790,5/20/20 8:00,5/23/20 8:00,
321789,5/20/20 8:00,5/23/20 8:00,
321785,5/20/20 8:00,5/23/20 8:00,
315441,5/20/20 8:00,5/23/20 8:00,
315442,5/20/20 8:00,5/23/20 8:00,
321784,5/20/20 8:00,5/23/20 8:00,
321788,5/20/20 8:00,5/23/20 8:00,
321787,5/20/20 8:00,5/23/20 8:00,
315443,5/20/20 8:00,5/23/20 8:00,
315444,5/20/20 8:00,5/23/20 8:00,
321585,5/20/20 8:00,5/23/20 8:00,
321586,5/20/20 8:00,5/23/20 8:00,
315446,5/20/20 8:00,5/23/20 8:00,
315447,5/20/20 8:00,5/23/20 8:00,
321587,5/20/20 8:00,5/23/20 8:00,
321588,5/20/20 8:00,5/23/20 8:00,
321589,5/20/20 8:00,5/23/20 8:00,
317121,5/20/20 8:00,5/23/20 8:00,
317122,5/20/20 8:00,5/23/20 8:00,
316231,5/20/20 8:00,5/23/20 8:00,
315448,5/20/20 8:00,5/23/20 8:00,
321408,5/20/20 8:00,5/23/20 8:00,
321590,5/20/20 8:00,5/23/20 8:00,
321591,5/20/20 8:00,5/23/20 8:00,
321592,5/20/20 8:00,5/23/20 8:00,
321593,5/20/20 8:00,5/23/20 8:00,
321594,5/20/20 8:00,5/23/20 8:00,
321798,5/20/20 8:00,5/23/20 8:00,
321799,5/20/20 8:00,5/23/20 8:00,
315449,5/20/20 8:00,5/23/20 8:00,
321797,5/20/20 8:00,5/23/20 8:00,
321793,5/20/20 8:00,5/23/20 8:00,
321794,5/20/20 8:00,5/23/20 8:00,
321796,5/20/20 8:00,5/23/20 8:00,
321791,5/20/20 8:00,5/23/20 8:00,
321795,5/20/20 8:00,5/23/20 8:00,
323368,5/20/20 8:00,5/23/20 8:00,
323369,5/20/20 8:00,5/23/20 8:00,
323370,5/20/20 8:00,5/23/20 8:00,
323371,5/20/20 8:00,5/23/20 8:00,
323631,5/20/20 8:00,5/23/20 8:00,
323634,5/20/20 8:00,5/23/20 8:00,
323628,5/20/20 8:00,5/23/20 8:00,
323632,5/20/20 8:00,5/23/20 8:00,
323630,5/20/20 8:00,5/23/20 8:00,
323637,5/20/20 8:00,5/23/20 8:00,
323640,5/20/20 8:00,5/23/20 8:00,
323642,5/20/20 8:00,5/23/20 8:00,
323641,5/20/20 8:00,5/23/20 8:00,
323638,5/20/20 8:00,5/23/20 8:00,
315451,5/20/20 8:00,5/23/20 8:00,
315452,5/20/20 8:00,5/23/20 8:00,
315453,5/20/20 8:00,5/23/20 8:00,
315454,5/20/20 8:00,5/23/20 8:00,
315455,5/20/20 8:00,5/23/20 8:00,
315456,5/20/20 8:00,5/23/20 8:00,
315457,5/20/20 8:00,5/23/20 8:00,
315458,5/20/20 8:00,5/23/20 8:00,
315459,5/20/20 8:00,5/23/20 8:00,
315460,5/20/20 8:00,5/23/20 8:00,
315461,5/20/20 8:00,5/23/20 8:00,
315462,5/20/20 8:00,5/23/20 8:00,
315463,5/20/20 8:00,5/23/20 8:00,
315464,5/20/20 8:00,5/23/20 8:00,
315465,5/20/20 8:00,5/23/20 8:00,
315466,5/20/20 8:00,5/23/20 8:00,
315467,5/20/20 8:00,5/23/20 8:00,
315468,5/20/20 8:00,5/23/20 8:00,
315469,5/20/20 8:00,5/23/20 8:00,
315470,5/20/20 8:00,5/23/20 8:00,
315471,5/20/20 8:00,5/23/20 8:00,
315472,5/20/20 8:00,5/23/20 8:00,
315473,5/20/20 8:00,5/23/20 8:00,
315475,5/20/20 8:00,5/23/20 8:00,
316232,5/20/20 8:00,5/23/20 8:00,
316233,5/20/20 8:00,5/23/20 8:00,
317124,5/20/20 8:00,5/23/20 8:00,
315476,5/20/20 8:00,5/23/20 8:00,
315477,5/20/20 8:00,5/23/20 8:00,
315478,5/20/20 8:00,5/23/20 8:00,
315479,5/20/20 8:00,5/23/20 8:00,
315480,5/20/20 8:00,5/23/20 8:00,
315481,5/20/20 8:00,5/23/20 8:00,
315482,5/20/20 8:00,5/23/20 8:00,
316234,5/20/20 8:00,5/23/20 8:00,
315483,5/20/20 8:00,5/23/20 8:00,
315484,5/20/20 8:00,5/23/20 8:00,
315485,5/20/20 8:00,5/23/20 8:00,
315486,5/20/20 8:00,5/23/20 8:00,
315488,5/20/20 8:00,5/23/20 8:00,
315489,5/20/20 8:00,5/23/20 8:00,
315490,5/20/20 8:00,5/23/20 8:00,
315491,5/20/20 8:00,5/23/20 8:00,
315492,5/20/20 8:00,5/23/20 8:00,
315493,5/20/20 8:00,5/23/20 8:00,
315494,5/20/20 8:00,5/23/20 8:00,
315495,5/20/20 8:00,5/23/20 8:00,
315496,5/20/20 8:00,5/23/20 8:00,
315497,5/20/20 8:00,5/23/20 8:00,
315498,5/20/20 8:00,5/23/20 8:00,
315499,5/20/20 8:00,5/23/20 8:00,
315500,5/20/20 8:00,5/23/20 8:00,
315501,5/20/20 8:00,5/23/20 8:00,
315502,5/20/20 8:00,5/23/20 8:00,
315503,5/20/20 8:00,5/23/20 8:00,
315504,5/20/20 8:00,5/23/20 8:00,
315505,5/20/20 8:00,5/23/20 8:00,
315506,5/20/20 8:00,5/23/20 8:00,
315507,5/20/20 8:00,5/23/20 8:00,
317125,5/20/20 8:00,5/23/20 8:00,
315508,5/20/20 8:00,5/23/20 8:00,
315509,5/20/20 8:00,5/23/20 8:00,
315510,5/20/20 8:00,5/23/20 8:00,
315511,5/20/20 8:00,5/23/20 8:00,
315512,5/20/20 8:00,5/23/20 8:00,
315513,5/20/20 8:00,5/23/20 8:00,
315514,5/20/20 8:00,5/23/20 8:00,
315515,5/20/20 8:00,5/23/20 8:00,
315516,5/20/20 8:00,5/23/20 8:00,
315517,5/20/20 8:00,5/23/20 8:00,
316228,5/20/20 8:00,5/23/20 8:00,
320662,5/20/20 8:00,5/23/20 8:00,
316229,5/20/20 8:00,5/23/20 8:00,
315519,5/20/20 8:00,5/23/20 8:00,
315520,5/20/20 8:00,5/23/20 8:00,
315521,5/20/20 8:00,5/23/20 8:00,
315522,5/20/20 8:00,5/23/20 8:00,
315523,5/20/20 8:00,5/23/20 8:00,
315524,5/20/20 8:00,5/23/20 8:00,
315525,5/20/20 8:00,5/23/20 8:00,
315526,5/20/20 8:00,5/23/20 8:00,
315527,5/20/20 8:00,5/23/20 8:00,
315528,5/20/20 8:00,5/23/20 8:00,
315529,5/20/20 8:00,5/23/20 8:00,
315530,5/20/20 8:00,5/23/20 8:00,
315531,5/20/20 8:00,5/23/20 8:00,
315532,5/20/20 8:00,5/23/20 8:00,
316230,5/20/20 8:00,5/23/20 8:00,
315534,5/20/20 8:00,5/23/20 8:00,
317126,5/20/20 8:00,5/23/20 8:00,
315535,5/20/20 8:00,5/23/20 8:00,
317127,5/20/20 8:00,5/23/20 8:00,
317128,5/20/20 8:00,5/23/20 8:00,
315537,5/20/20 8:00,5/23/20 8:00,
315538,5/20/20 8:00,5/23/20 8:00,
315539,5/20/20 8:00,5/23/20 8:00,
315540,5/20/20 8:00,5/23/20 8:00,
315541,5/20/20 8:00,5/23/20 8:00,
315542,5/20/20 8:00,5/23/20 8:00,
315544,5/20/20 8:00,5/23/20 8:00,
315545,5/20/20 8:00,5/23/20 8:00,
315546,5/20/20 8:00,5/23/20 8:00,
315547,5/20/20 8:00,5/23/20 8:00,
315548,5/20/20 8:00,5/23/20 8:00,
315549,5/20/20 8:00,5/23/20 8:00,
315550,5/20/20 8:00,5/23/20 8:00,
315552,5/20/20 8:00,5/23/20 8:00,
315581,5/20/20 8:00,5/23/20 8:00,
315553,5/20/20 8:00,5/23/20 8:00,
315554,5/20/20 8:00,5/23/20 8:00,
315555,5/20/20 8:00,5/23/20 8:00,
315556,5/20/20 8:00,5/23/20 8:00,
315557,5/20/20 8:00,5/23/20 8:00,
315558,5/27/20 8:00,5/30/20 8:00,
315559,5/27/20 8:00,5/30/20 8:00,
316151,5/27/20 8:00,5/30/20 8:00,
316150,5/31/20 8:00,6/3/20 8:00,
316149,5/31/20 8:00,6/3/20 8:00,
316154,5/31/20 8:00,6/3/20 8:00,
316152,5/31/20 8:00,6/3/20 8:00,
316143,5/31/20 8:00,6/3/20 8:00,
316144,5/31/20 8:00,6/3/20 8:00,
316146,5/31/20 8:00,6/3/20 8:00,
316147,5/31/20 8:00,6/3/20 8:00,
316148,5/31/20 8:00,6/3/20 8:00,
316145,5/31/20 8:00,6/3/20 8:00,
315561,6/2/20 8:00,6/5/20 8:00,
316142,6/27/20 8:00,6/30/20 8:00,
315582,5/26/20 8:00,5/29/20 8:00,
315586,7/5/20 8:00,7/8/20 8:00,
315583,5/26/20 8:00,5/29/20 8:00,
315584,5/26/20 8:00,5/29/20 8:00,
315562,7/5/20 8:00,7/8/20 8:00,
315585,5/26/20 8:00,5/29/20 8:00,
315563,5/26/20 8:00,5/29/20 8:00,
316125,5/26/20 8:00,5/29/20 8:00,
315564,4/23/20 8:00,4/26/20 8:00,
316140,1/5/20 8:00,1/8/20 8:00,
317129,1/6/20 8:00,1/9/20 8:00,
317130,1/6/20 8:00,1/9/20 8:00,
315896,3/29/20 8:00,4/1/20 8:00,
315897,3/29/20 8:00,4/1/20 8:00,
315898,3/29/20 8:00,4/1/20 8:00,
315899,3/29/20 8:00,4/1/20 8:00,
315900,3/29/20 8:00,4/1/20 8:00,
315901,3/29/20 8:00,4/1/20 8:00,
315902,3/29/20 8:00,4/1/20 8:00,
315903,3/29/20 8:00,4/1/20 8:00,
315906,4/26/20 8:00,4/29/20 8:00,
315907,4/26/20 8:00,4/29/20 8:00,
315909,4/26/20 8:00,4/29/20 8:00,
315910,4/26/20 8:00,4/29/20 8:00,
315911,5/24/20 8:00,5/27/20 8:00,
315912,5/24/20 8:00,5/27/20 8:00,
315913,5/24/20 8:00,5/27/20 8:00,
315914,5/24/20 8:00,5/27/20 8:00,
315915,5/24/20 8:00,5/27/20 8:00,
315916,5/24/20 8:00,5/27/20 8:00,
315918,4/26/20 8:00,4/29/20 8:00,
316344,1/28/20 8:00,1/31/20 8:00,
316345,1/28/20 8:00,1/31/20 8:00,
316346,5/20/20 8:00,5/23/20 8:00,
321938,4/19/20 8:00,4/22/20 8:00,
321940,4/19/20 8:00,4/22/20 8:00,
321941,4/19/20 8:00,4/22/20 8:00,
321942,5/20/20 8:00,5/23/20 8:00,
321943,5/20/20 8:00,5/23/20 8:00,
321944,5/20/20 8:00,5/23/20 8:00,
321945,3/19/20 8:00,3/22/20 8:00,
321947,3/19/20 8:00,3/22/20 8:00,
321948,3/19/20 8:00,3/22/20 8:00,
321949,3/19/20 8:00,3/22/20 8:00,
321950,3/19/20 8:00,3/22/20 8:00,
321951,3/19/20 8:00,3/22/20 8:00,
321952,3/19/20 8:00,3/22/20 8:00,
321953,3/19/20 8:00,3/22/20 8:00,
321954,3/19/20 8:00,3/22/20 8:00,
321955,3/19/20 8:00,3/22/20 8:00,
321956,3/19/20 8:00,3/22/20 8:00,
321957,4/23/20 8:00,4/26/20 8:00,
321958,4/23/20 8:00,4/26/20 8:00,
321959,3/19/20 8:00,3/22/20 8:00,
321960,4/23/20 8:00,4/26/20 8:00,
321961,4/23/20 8:00,4/26/20 8:00,
321962,4/23/20 8:00,4/26/20 8:00,
321963,4/23/20 8:00,4/26/20 8:00,
316347,4/23/20 8:00,4/26/20 8:00,
321964,4/23/20 8:00,4/26/20 8:00,
321965,4/23/20 8:00,4/26/20 8:00,
321966,4/23/20 8:00,4/26/20 8:00,
321967,4/23/20 8:00,4/26/20 8:00,
321968,4/23/20 8:00,4/26/20 8:00,
321969,4/23/20 8:00,4/26/20 8:00,
321970,4/23/20 8:00,4/26/20 8:00,
321971,4/23/20 8:00,4/26/20 8:00,
321972,5/20/20 8:00,5/23/20 8:00,
321973,5/20/20 8:00,5/23/20 8:00,
321974,5/20/20 8:00,5/23/20 8:00,
316348,5/20/20 8:00,5/23/20 8:00,
321975,5/20/20 8:00,5/23/20 8:00,
321976,5/20/20 8:00,5/23/20 8:00,
321977,5/20/20 8:00,5/23/20 8:00,
321978,5/20/20 8:00,5/23/20 8:00,
321979,5/20/20 8:00,5/23/20 8:00,
316349,3/19/20 8:00,3/22/20 8:00,
316350,3/19/20 8:00,3/22/20 8:00,
316351,3/19/20 8:00,3/22/20 8:00,
316352,3/19/20 8:00,3/22/20 8:00,
316353,4/23/20 8:00,4/26/20 8:00,
316354,4/23/20 8:00,4/26/20 8:00,
316355,4/23/20 8:00,4/26/20 8:00,
316356,4/23/20 8:00,4/26/20 8:00,
316357,4/23/20 8:00,4/26/20 8:00,
316358,5/20/20 8:00,5/23/20 8:00,
316359,5/20/20 8:00,5/23/20 8:00,
316360,5/20/20 8:00,5/23/20 8:00,
316361,5/20/20 8:00,5/23/20 8:00,
316362,5/20/20 8:00,5/23/20 8:00,
316534,3/29/20 8:00,4/1/20 8:00,
316535,4/26/20 8:00,4/29/20 8:00,
316536,4/26/20 8:00,4/29/20 8:00,
316537,4/26/20 8:00,4/29/20 8:00,
316538,4/26/20 8:00,4/29/20 8:00,
316539,5/24/20 8:00,5/27/20 8:00,
316540,5/24/20 8:00,5/27/20 8:00,
316541,5/24/20 8:00,5/27/20 8:00,
316542,5/24/20 8:00,5/27/20 8:00,
316543,3/29/20 8:00,4/1/20 8:00,
316544,5/24/20 8:00,5/27/20 8:00,
316545,4/26/20 8:00,4/29/20 8:00,
316546,3/31/20 8:00,4/3/20 8:00,
316555,3/31/20 8:00,4/3/20 8:00,
316548,3/31/20 8:00,4/3/20 8:00,
316557,3/31/20 8:00,4/3/20 8:00,
316559,3/31/20 8:00,4/3/20 8:00,
316552,4/30/20 8:00,5/3/20 8:00,
316558,5/31/20 8:00,6/3/20 8:00,
316549,3/29/20 8:00,4/1/20 8:00,
316556,3/29/20 8:00,4/1/20 8:00,
316550,3/29/20 8:00,4/1/20 8:00,
316554,3/29/20 8:00,4/1/20 8:00,
316553,3/29/20 8:00,4/1/20 8:00,
316981,4/30/20 8:00,5/3/20 8:00,
316982,4/30/20 8:00,5/3/20 8:00,
316983,5/31/20 8:00,6/3/20 8:00,
316984,5/31/20 8:00,6/3/20 8:00,
316986,4/30/20 8:00,5/3/20 8:00,
316987,3/31/20 8:00,4/3/20 8:00,
316988,4/30/20 8:00,5/3/20 8:00,
316989,5/31/20 8:00,6/3/20 8:00,
316990,4/19/20 8:00,4/22/20 8:00,
316991,3/29/20 8:00,4/1/20 8:00,
316992,4/26/20 8:00,4/29/20 8:00,
316994,4/26/20 8:00,4/29/20 8:00,
316995,4/26/20 8:00,4/29/20 8:00,
316996,4/26/20 8:00,4/29/20 8:00,
316998,4/26/20 8:00,4/29/20 8:00,
317000,5/24/20 8:00,5/27/20 8:00,
317002,5/31/20 8:00,6/3/20 8:00,
317003,4/5/20 8:00,4/8/20 8:00,
317004,4/5/20 8:00,4/8/20 8:00,
317005,4/5/20 8:00,4/8/20 8:00,
317006,4/5/20 8:00,4/8/20 8:00,
317007,5/10/20 8:00,5/13/20 8:00,
317008,5/10/20 8:00,5/13/20 8:00,
317009,5/10/20 8:00,5/13/20 8:00,
317011,6/14/20 8:00,6/17/20 8:00,
317012,6/14/20 8:00,6/17/20 8:00,
317013,6/14/20 8:00,6/17/20 8:00,
317014,6/14/20 8:00,6/17/20 8:00,
317098,1/6/20 8:00,1/9/20 8:00,
318503,1/5/24 8:00,1/8/24 8:00,
322261,1/5/24 8:00,1/8/24 8:00,
318504,1/5/24 8:00,1/8/24 8:00,
318505,1/5/24 8:00,1/8/24 8:00,
318506,1/5/24 8:00,1/8/24 8:00,
318507,1/5/24 8:00,1/8/24 8:00,
322263,1/5/24 8:00,1/8/24 8:00,
318508,1/5/24 8:00,1/8/24 8:00,
318509,1/5/24 8:00,1/8/24 8:00,
318510,1/5/24 8:00,1/8/24 8:00,
318511,1/5/24 8:00,1/8/24 8:00,
318512,1/5/24 8:00,1/8/24 8:00,
318513,1/5/24 8:00,1/8/24 8:00,
318514,1/5/24 8:00,1/8/24 8:00,
318515,1/5/24 8:00,1/8/24 8:00,
318516,1/5/24 8:00,1/8/24 8:00,
318517,1/5/24 8:00,1/8/24 8:00,
318518,1/5/24 8:00,1/8/24 8:00,
318519,1/5/24 8:00,1/8/24 8:00,
318520,1/5/24 8:00,1/8/24 8:00,
318521,1/5/24 8:00,1/8/24 8:00,
318522,1/5/24 8:00,1/8/24 8:00,
318523,1/5/24 8:00,1/8/24 8:00,
318524,1/5/24 8:00,1/8/24 8:00,
318525,1/5/24 8:00,1/8/24 8:00,
318526,1/5/24 8:00,1/8/24 8:00,
318900,1/19/20 8:00,1/22/20 8:00,
319017,1/12/20 8:00,1/15/20 8:00,
320093,1/26/20 8:00,1/29/20 8:00,
320178,1/28/20 8:00,1/31/20 8:00,
320179,12/31/19 8:00,1/3/20 8:00,
320938,2/16/20 8:00,2/19/20 8:00,
321730,1/26/20 8:00,1/29/20 8:00,
321731,2/25/20 8:00,2/28/20 8:00,
321742,3/29/20 8:00,4/1/20 8:00,
321732,3/29/20 8:00,4/1/20 8:00,
321733,2/4/20 8:00,2/7/20 8:00,
321807,1/29/20 8:00,2/1/20 8:00,
321734,1/5/24 8:00,1/8/24 8:00,
322249,1/29/20 8:00,2/1/20 8:00,
322241,8/8/20 8:00,8/11/20 8:00,
322838,1/1/20 8:00,1/4/20 8:00,
322986,6/16/20 8:00,6/19/20 8:00,
322985,4/12/20 8:00,4/15/20 8:00,
322984,5/10/20 8:00,5/13/20 8:00,
323521,1/5/24 8:00,1/8/24 8:00,